FEN,Move,ELO,CPL,Is_Cheating,ELO_Range
rnbqkbnr/pppppppp/8/8/8/8/PPPPPPPP/RNBQKBNR w KQkq - 0 1,d2d4,1001,2,0,1001-1500
rnbqkbnr/pppppppp/8/8/3P4/8/PPP1PPPP/RNBQKBNR b KQkq - 0 1,e7e6,-1,6,0,
rnbqkbnr/pppp1ppp/4p3/8/3P4/8/PPP1PPPP/RNBQKBNR w KQkq - 0 2,c2c4,1001,4,0,1001-1500
rnbqkbnr/pppp1ppp/4p3/8/2PP4/8/PP2PPPP/RNBQKBNR b KQkq - 0 2,d7d5,-1,3,0,
rnbqkbnr/ppp2ppp/4p3/3p4/2PP4/8/PP2PPPP/RNBQKBNR w KQkq - 0 3,b1c3,1001,3,0,1001-1500
rnbqkbnr/ppp2ppp/4p3/3p4/2PP4/2N5/PP2PPPP/R1BQKBNR b KQkq - 1 3,f8e7,-1,2,0,
rnbqk1nr/ppp1bppp/4p3/3p4/2PP4/2N5/PP2PPPP/R1BQKBNR w KQkq - 2 4,g1f3,1001,4,0,1001-1500
rnbqk1nr/ppp1bppp/4p3/3p4/2PP4/2N2N2/PP2PPPP/R1BQKB1R b KQkq - 3 4,g8f6,-1,5,0,
rnbqk2r/ppp1bppp/4pn2/3p4/2PP4/2N2N2/PP2PPPP/R1BQKB1R w KQkq - 4 5,c1f4,1001,2,0,1001-1500
rnbqk2r/ppp1bppp/4pn2/3p4/2PP1B2/2N2N2/PP2PPPP/R2QKB1R b KQkq - 5 5,e8g8,-1,8,0,
rnbq1rk1/ppp1bppp/4pn2/3p4/2PP1B2/2N2N2/PP2PPPP/R2QKB1R w KQ - 6 6,e2e3,1001,8,0,1001-1500
rnbq1rk1/ppp1bppp/4pn2/3p4/2PP1B2/2N1PN2/PP3PPP/R2QKB1R b KQ - 0 6,a7a6,-1,9,0,
rnbq1rk1/1pp1bppp/p3pn2/3p4/2PP1B2/2N1PN2/PP3PPP/R2QKB1R w KQ - 0 7,h2h3,1001,20,0,1001-1500
rnbq1rk1/1pp1bppp/p3pn2/3p4/2PP1B2/2N1PN1P/PP3PP1/R2QKB1R b KQ - 0 7,d5c4,-1,3,0,
rnbq1rk1/1pp1bppp/p3pn2/8/2pP1B2/2N1PN1P/PP3PP1/R2QKB1R w KQ - 0 8,f1c4,1001,21,0,1001-1500
rnbq1rk1/1pp1bppp/p3pn2/8/2BP1B2/2N1PN1P/PP3PP1/R2QK2R b KQ - 0 8,b7b5,-1,23,0,
rnbq1rk1/2p1bppp/p3pn2/1p6/2BP1B2/2N1PN1P/PP3PP1/R2QK2R w KQ - 0 9,c4b3,1001,36,0,1001-1500
rnbq1rk1/2p1bppp/p3pn2/1p6/3P1B2/1BN1PN1P/PP3PP1/R2QK2R b KQ - 1 9,c8b7,-1,2,0,
rn1q1rk1/1bp1bppp/p3pn2/1p6/3P1B2/1BN1PN1P/PP3PP1/R2QK2R w KQ - 2 10,b3c2,1001,6,0,1001-1500
rn1q1rk1/1bp1bppp/p3pn2/1p6/3P1B2/2N1PN1P/PPB2PP1/R2QK2R b KQ - 3 10,b8d7,-1,15,0,
r2q1rk1/1bpnbppp/p3pn2/1p6/3P1B2/2N1PN1P/PPB2PP1/R2QK2R w KQ - 4 11,e1g1,1001,4,1,1001-1500
r2q1rk1/1bpnbppp/p3pn2/1p6/3P1B2/2N1PN1P/PPB2PP1/R2Q1RK1 b - - 5 11,a8c8,-1,3,1,
2rq1rk1/1bpnbppp/p3pn2/1p6/3P1B2/2N1PN1P/PPB2PP1/R2Q1RK1 w - - 6 12,d1e2,1001,14,1,1001-1500
2rq1rk1/1bpnbppp/p3pn2/1p6/3P1B2/2N1PN1P/PPB1QPP1/R4RK1 b - - 7 12,c7c5,-1,1,1,
2rq1rk1/1b1nbppp/p3pn2/1pp5/3P1B2/2N1PN1P/PPB1QPP1/R4RK1 w - - 0 13,d4c5,1001,3,1,1001-1500
2rq1rk1/1b1nbppp/p3pn2/1pP5/5B2/2N1PN1P/PPB1QPP1/R4RK1 b - - 0 13,c8c5,-1,5,1,
3q1rk1/1b1nbppp/p3pn2/1pr5/5B2/2N1PN1P/PPB1QPP1/R4RK1 w - - 0 14,e3e4,1001,4,1,1001-1500
3q1rk1/1b1nbppp/p3pn2/1pr5/4PB2/2N2N1P/PPB1QPP1/R4RK1 b - - 0 14,e6e5,-1,59,0,
3q1rk1/1b1nbppp/p4n2/1pr1p3/4PB2/2N2N1P/PPB1QPP1/R4RK1 w - - 0 15,f4e3,1001,6,1,1001-1500
3q1rk1/1b1nbppp/p4n2/1pr1p3/4P3/2N1BN1P/PPB1QPP1/R4RK1 b - - 1 15,c5c4,-1,62,0,
3q1rk1/1b1nbppp/p4n2/1p2p3/2r1P3/2N1BN1P/PPB1QPP1/R4RK1 w - - 2 16,c2b3,1001,62,0,1001-1500
3q1rk1/1b1nbppp/p4n2/1p2p3/2r1P3/1BN1BN1P/PP2QPP1/R4RK1 b - - 3 16,c4c7,-1,7,1,
3q1rk1/1brnbppp/p4n2/1p2p3/4P3/1BN1BN1P/PP2QPP1/R4RK1 w - - 4 17,f1d1,1001,8,1,1001-1500
3q1rk1/1brnbppp/p4n2/1p2p3/4P3/1BN1BN1P/PP2QPP1/R2R2K1 b - - 5 17,d8c8,-1,4,0,
2q2rk1/1brnbppp/p4n2/1p2p3/4P3/1BN1BN1P/PP2QPP1/R2R2K1 w - - 6 18,a1c1,1001,6,0,1001-1500
2q2rk1/1brnbppp/p4n2/1p2p3/4P3/1BN1BN1P/PP2QPP1/2RR2K1 b - - 7 18,b7e4,-1,6,0,
2q2rk1/2rnbppp/p4n2/1p2p3/4b3/1BN1BN1P/PP2QPP1/2RR2K1 w - - 0 19,c3e4,1001,6,1,1001-1500
2q2rk1/2rnbppp/p4n2/1p2p3/4N3/1B2BN1P/PP2QPP1/2RR2K1 b - - 0 19,f6e4,-1,5,0,
2q2rk1/2rnbppp/p7/1p2p3/4n3/1B2BN1P/PP2QPP1/2RR2K1 w - - 0 20,c1c7,1001,16,0,1001-1500
2q2rk1/2Rnbppp/p7/1p2p3/4n3/1B2BN1P/PP2QPP1/3R2K1 b - - 0 20,c8c7,-1,2,0,
5rk1/2qnbppp/p7/1p2p3/4n3/1B2BN1P/PP2QPP1/3R2K1 w - - 0 21,f3e5,1001,15,1,1001-1500
5rk1/2qnbppp/p7/1p2N3/4n3/1B2B2P/PP2QPP1/3R2K1 b - - 0 21,d7e5,-1,2,0,
5rk1/2q1bppp/p7/1p2n3/4n3/1B2B2P/PP2QPP1/3R2K1 w - - 0 22,e3f4,1001,7,1,1001-1500
5rk1/2q1bppp/p7/1p2n3/4nB2/1B5P/PP2QPP1/3R2K1 b - - 1 22,e7d6,-1,9,0,
5rk1/2q2ppp/p2b4/1p2n3/4nB2/1B5P/PP2QPP1/3R2K1 w - - 2 23,e2e4,1001,4,1,1001-1500
5rk1/2q2ppp/p2b4/1p2n3/4QB2/1B5P/PP3PP1/3R2K1 b - - 0 23,f8e8,-1,139,0,
4r1k1/2q2ppp/p2b4/1p2n3/4QB2/1B5P/PP3PP1/3R2K1 w - - 1 24,f4e5,1001,153,0,1001-1500
4r1k1/2q2ppp/p2b4/1p2B3/4Q3/1B5P/PP3PP1/3R2K1 b - - 0 24,d6e5,-1,418,0,
4r1k1/2q2ppp/p7/1p2b3/4Q3/1B5P/PP3PP1/3R2K1 w - - 0 25,f2f4,1001,1,1,1001-1500
4r1k1/2q2ppp/p7/1p2b3/4QP2/1B5P/PP4P1/3R2K1 b - - 0 25,a6a5,-1,10,1,
4r1k1/2q2ppp/8/pp2b3/4QP2/1B5P/PP4P1/3R2K1 w - - 0 26,f4e5,1001,2,0,1001-1500
4r1k1/2q2ppp/8/pp2P3/4Q3/1B5P/PP4P1/3R2K1 b - - 0 26,a5a4,-1,6,1,
4r1k1/2q2ppp/8/1p2P3/p3Q3/1B5P/PP4P1/3R2K1 w - - 0 27,b3d5,1001,0,1,1001-1500
4r1k1/2q2ppp/8/1p1BP3/p3Q3/7P/PP4P1/3R2K1 b - - 1 27,e8e5,-1,3,0,
6k1/2q2ppp/8/1p1Br3/p3Q3/7P/PP4P1/3R2K1 w - - 0 28,e4f4,1001,31,0,1001-1500
6k1/2q2ppp/8/1p1Br3/p4Q2/7P/PP4P1/3R2K1 b - - 1 28,c7c5,-1,174,0,
6k1/5ppp/8/1pqBr3/p4Q2/7P/PP4P1/3R2K1 w - - 2 29,g1h2,1001,20,0,1001-1500
6k1/5ppp/8/1pqBr3/p4Q2/7P/PP4PK/3R4 b - - 3 29,c5e7,-1,21,1,
6k1/4qppp/8/1p1Br3/p4Q2/7P/PP4PK/3R4 w - - 4 30,d5f7,1001,2,1,1001-1500
6k1/4qBpp/8/1p2r3/p4Q2/7P/PP4PK/3R4 b - - 0 30,e7f7,-1,49,0,
6k1/5qpp/8/1p2r3/p4Q2/7P/PP4PK/3R4 w - - 0 31,f4e5,1001,16,1,1001-1500
6k1/5qpp/8/1p2Q3/p7/7P/PP4PK/3R4 b - - 0 31,h7h6,-1,46,0,
6k1/5qp1/7p/1p2Q3/p7/7P/PP4PK/3R4 w - - 0 32,e5b5,1001,16,0,1001-1500
6k1/5qp1/7p/1Q6/p7/7P/PP4PK/3R4 b - - 0 32,f7f4,-1,20,0,
6k1/6p1/7p/1Q6/p4q2/7P/PP4PK/3R4 w - - 1 33,h2g1,1001,38,0,1001-1500
6k1/6p1/7p/1Q6/p4q2/7P/PP4P1/3R2K1 b - - 2 33,f4e3,-1,11,0,
6k1/6p1/7p/1Q6/p7/4q2P/PP4P1/3R2K1 w - - 3 34,g1h2,1001,39,0,1001-1500
6k1/6p1/7p/1Q6/p7/4q2P/PP4PK/3R4 b - - 4 34,e3f4,-1,6,0,
6k1/6p1/7p/1Q6/p4q2/7P/PP4PK/3R4 w - - 5 35,h2g1,1001,19,0,1001-1500
6k1/6p1/7p/1Q6/p4q2/7P/PP4P1/3R2K1 b - - 6 35,f4e3,-1,3,0,
6k1/6p1/7p/1Q6/p7/4q2P/PP4P1/3R2K1 w - - 7 36,g1h2,1001,3,0,1001-1500
6k1/6p1/7p/1Q6/p7/4q2P/PP4PK/3R4 b - - 8 36,e3f4,-1,13,0,
6k1/6p1/7p/1Q6/p4q2/7P/PP4PK/3R4 w - - 9 37,h2g1,1001,6,0,1001-1500
6k1/6p1/7p/1Q6/p4q2/7P/PP4P1/3R2K1 b - - 10 37,f4e3,-1,16,0,
6k1/6p1/7p/1Q6/p7/4q2P/PP4P1/3R2K1 w - - 11 38,g1h1,1001,47,1,1001-1500
6k1/6p1/7p/1Q6/p7/4q2P/PP4P1/3R3K b - - 12 38,e3e7,-1,19,1,
6k1/4q1p1/7p/1Q6/p7/7P/PP4P1/3R3K w - - 13 39,b5a4,1001,33,0,1001-1500
6k1/4q1p1/7p/8/Q7/7P/PP4P1/3R3K b - - 0 39,e7g5,-1,19,1,
6k1/6p1/7p/6q1/Q7/7P/PP4P1/3R3K w - - 1 40,a4e8,1001,28,0,1001-1500
4Q1k1/6p1/7p/6q1/8/7P/PP4P1/3R3K b - - 2 40,g8h7,-1,11,1,
4Q3/6pk/7p/6q1/8/7P/PP4P1/3R3K w - - 3 41,b2b4,1001,28,1,1001-1500
4Q3/6pk/7p/6q1/1P6/7P/P5P1/3R3K b - - 0 41,g5g3,-1,300,0,
4Q3/6pk/7p/8/1P6/6qP/P5P1/3R3K w - - 1 42,e8e4,1001,4,1,1001-1500
8/6pk/7p/8/1P2Q3/6qP/P5P1/3R3K b - - 2 42,g7g6,-1,1135,0,
8/7k/6pp/8/1P2Q3/6qP/P5P1/3R3K w - - 0 43,e4e7,1001,0,1,1001-1500
8/4Q2k/6pp/8/1P6/6qP/P5P1/3R3K b - - 1 43,h7g8,-1,0,0,
6k1/4Q3/6pp/8/1P6/6qP/P5P1/3R3K w - - 2 44,d1d8,1001,0,1,1001-1500
rnbqkbnr/pppppppp/8/8/8/8/PPPPPPPP/RNBQKBNR w KQkq - 0 1,e2e4,1001,4,0,1001-1500
rnbqkbnr/pppppppp/8/8/4P3/8/PPPP1PPP/RNBQKBNR b KQkq - 0 1,e7e5,-1,11,0,
rnbqkbnr/pppp1ppp/8/4p3/4P3/8/PPPP1PPP/RNBQKBNR w KQkq - 0 2,d2d4,1001,37,0,1001-1500
rnbqkbnr/pppp1ppp/8/4p3/3PP3/8/PPP2PPP/RNBQKBNR b KQkq - 0 2,e5d4,-1,2,0,
rnbqkbnr/pppp1ppp/8/8/3pP3/8/PPP2PPP/RNBQKBNR w KQkq - 0 3,d1d4,1001,16,0,1001-1500
rnbqkbnr/pppp1ppp/8/8/3QP3/8/PPP2PPP/RNB1KBNR b KQkq - 0 3,b8c6,-1,3,0,
r1bqkbnr/pppp1ppp/2n5/8/3QP3/8/PPP2PPP/RNB1KBNR w KQkq - 1 4,d4d3,1001,17,0,1001-1500
r1bqkbnr/pppp1ppp/2n5/8/4P3/3Q4/PPP2PPP/RNB1KBNR b KQkq - 2 4,b7b6,-1,120,0,
r1bqkbnr/p1pp1ppp/1pn5/8/4P3/3Q4/PPP2PPP/RNB1KBNR w KQkq - 0 5,f1e2,1001,67,0,1001-1500
r1bqkbnr/p1pp1ppp/1pn5/8/4P3/3Q4/PPP1BPPP/RNB1K1NR b KQkq - 1 5,f8c5,-1,24,0,
r1bqk1nr/p1pp1ppp/1pn5/2b5/4P3/3Q4/PPP1BPPP/RNB1K1NR w KQkq - 2 6,c1e3,1001,41,0,1001-1500
r1bqk1nr/p1pp1ppp/1pn5/2b5/4P3/3QB3/PPP1BPPP/RN2K1NR b KQkq - 3 6,c5e3,-1,22,0,
r1bqk1nr/p1pp1ppp/1pn5/8/4P3/3Qb3/PPP1BPPP/RN2K1NR w KQkq - 0 7,d3e3,1001,3,0,1001-1500
r1bqk1nr/p1pp1ppp/1pn5/8/4P3/4Q3/PPP1BPPP/RN2K1NR b KQkq - 0 7,d7d6,-1,74,0,
r1bqk1nr/p1p2ppp/1pnp4/8/4P3/4Q3/PPP1BPPP/RN2K1NR w KQkq - 0 8,c2c3,1001,134,0,1001-1500
r1bqk1nr/p1p2ppp/1pnp4/8/4P3/2P1Q3/PP2BPPP/RN2K1NR b KQkq - 0 8,g8e7,-1,9,0,
r1bqk2r/p1p1nppp/1pnp4/8/4P3/2P1Q3/PP2BPPP/RN2K1NR w KQkq - 1 9,c3c4,1001,59,0,1001-1500
r1bqk2r/p1p1nppp/1pnp4/8/2P1P3/4Q3/PP2BPPP/RN2K1NR b KQkq - 0 9,c6e5,-1,111,0,
r1bqk2r/p1p1nppp/1p1p4/4n3/2P1P3/4Q3/PP2BPPP/RN2K1NR w KQkq - 1 10,b2b3,1001,64,0,1001-1500
r1bqk2r/p1p1nppp/1p1p4/4n3/2P1P3/1P2Q3/P3BPPP/RN2K1NR b KQkq - 0 10,e8g8,-1,1,0,
r1bq1rk1/p1p1nppp/1p1p4/4n3/2P1P3/1P2Q3/P3BPPP/RN2K1NR w KQ - 1 11,b1c3,1001,15,1,1001-1500
r1bq1rk1/p1p1nppp/1p1p4/4n3/2P1P3/1PN1Q3/P3BPPP/R3K1NR b KQ - 2 11,f7f5,-1,12,1,
r1bq1rk1/p1p1n1pp/1p1p4/4np2/2P1P3/1PN1Q3/P3BPPP/R3K1NR w KQ - 0 12,f2f4,1001,4,1,1001-1500
r1bq1rk1/p1p1n1pp/1p1p4/4np2/2P1PP2/1PN1Q3/P3B1PP/R3K1NR b KQ - 0 12,e5d7,-1,6,1,
r1bq1rk1/p1pnn1pp/1p1p4/5p2/2P1PP2/1PN1Q3/P3B1PP/R3K1NR w KQ - 1 13,e2f3,1001,4,1,1001-1500
r1bq1rk1/p1pnn1pp/1p1p4/5p2/2P1PP2/1PN1QB2/P5PP/R3K1NR b KQ - 2 13,f5e4,-1,9,1,
r1bq1rk1/p1pnn1pp/1p1p4/8/2P1pP2/1PN1QB2/P5PP/R3K1NR w KQ - 0 14,f3e4,1001,2,0,1001-1500
r1bq1rk1/p1pnn1pp/1p1p4/8/2P1BP2/1PN1Q3/P5PP/R3K1NR b KQ - 0 14,a8b8,-1,4,1,
1rbq1rk1/p1pnn1pp/1p1p4/8/2P1BP2/1PN1Q3/P5PP/R3K1NR w KQ - 1 15,g1f3,1001,7,0,1001-1500
1rbq1rk1/p1pnn1pp/1p1p4/8/2P1BP2/1PN1QN2/P5PP/R3K2R b KQ - 2 15,d7f6,-1,14,1,
1rbq1rk1/p1p1n1pp/1p1p1n2/8/2P1BP2/1PN1QN2/P5PP/R3K2R w KQ - 3 16,e1g1,1001,26,1,1001-1500
1rbq1rk1/p1p1n1pp/1p1p1n2/8/2P1BP2/1PN1QN2/P5PP/R4RK1 b - - 4 16,e7f5,-1,19,1,
1rbq1rk1/p1p3pp/1p1p1n2/5n2/2P1BP2/1PN1QN2/P5PP/R4RK1 w - - 5 17,e4f5,1001,7,1,1001-1500
1rbq1rk1/p1p3pp/1p1p1n2/5B2/2P2P2/1PN1QN2/P5PP/R4RK1 b - - 0 17,c8f5,-1,19,1,
1r1q1rk1/p1p3pp/1p1p1n2/5b2/2P2P2/1PN1QN2/P5PP/R4RK1 w - - 0 18,f3d4,1001,5,1,1001-1500
1r1q1rk1/p1p3pp/1p1p1n2/5b2/2PN1P2/1PN1Q3/P5PP/R4RK1 b - - 1 18,f8e8,-1,24,0,
1r1qr1k1/p1p3pp/1p1p1n2/5b2/2PN1P2/1PN1Q3/P5PP/R4RK1 w - - 2 19,e3g3,1001,17,0,1001-1500
1r1qr1k1/p1p3pp/1p1p1n2/5b2/2PN1P2/1PN3Q1/P5PP/R4RK1 b - - 3 19,f6e4,-1,4,0,
1r1qr1k1/p1p3pp/1p1p4/5b2/2PNnP2/1PN3Q1/P5PP/R4RK1 w - - 4 20,g3e3,1001,0,1,1001-1500
1r1qr1k1/p1p3pp/1p1p4/5b2/2PNnP2/1PN1Q3/P5PP/R4RK1 b - - 5 20,e4c3,-1,0,0,
1r1qr1k1/p1p3pp/1p1p4/5b2/2PN1P2/1Pn1Q3/P5PP/R4RK1 w - - 0 21,e3c3,1001,4,1,1001-1500
1r1qr1k1/p1p3pp/1p1p4/5b2/2PN1P2/1PQ5/P5PP/R4RK1 b - - 0 21,d8f6,-1,14,0,
1r2r1k1/p1p3pp/1p1p1q2/5b2/2PN1P2/1PQ5/P5PP/R4RK1 w - - 1 22,d4b5,1001,3,1,1001-1500
1r2r1k1/p1p3pp/1p1p1q2/1N3b2/2P2P2/1PQ5/P5PP/R4RK1 b - - 2 22,f6c3,-1,7,1,
1r2r1k1/p1p3pp/1p1p4/1N3b2/2P2P2/1Pq5/P5PP/R4RK1 w - - 0 23,b5c3,1001,3,1,1001-1500
1r2r1k1/p1p3pp/1p1p4/5b2/2P2P2/1PN5/P5PP/R4RK1 b - - 0 23,g8f7,-1,3,1,
1r2r3/p1p2kpp/1p1p4/5b2/2P2P2/1PN5/P5PP/R4RK1 w - - 1 24,c3d5,1001,26,0,1001-1500
1r2r3/p1p2kpp/1p1p4/3N1b2/2P2P2/1P6/P5PP/R4RK1 b - - 2 24,c7c6,-1,7,1,
1r2r3/p4kpp/1ppp4/3N1b2/2P2P2/1P6/P5PP/R4RK1 w - - 0 25,d5c7,1001,149,0,1001-1500
1r2r3/p1N2kpp/1ppp4/5b2/2P2P2/1P6/P5PP/R4RK1 b - - 1 25,e8e2,-1,5,1,
1r6/p1N2kpp/1ppp4/5b2/2P2P2/1P6/P3r1PP/R4RK1 w - - 2 26,c7a6,1001,29,1,1001-1500
1r6/p4kpp/Nppp4/5b2/2P2P2/1P6/P3r1PP/R4RK1 b - - 3 26,b8e8,-1,32,1,
4r3/p4kpp/Nppp4/5b2/2P2P2/1P6/P3r1PP/R4RK1 w - - 4 27,f1f2,1001,6,1,1001-1500
4r3/p4kpp/Nppp4/5b2/2P2P2/1P6/P3rRPP/R5K1 b - - 5 27,e2e1,-1,17,1,
4r3/p4kpp/Nppp4/5b2/2P2P2/1P6/P4RPP/R3r1K1 w - - 6 28,f2f1,1001,10,1,1001-1500
4r3/p4kpp/Nppp4/5b2/2P2P2/1P6/P5PP/R3rRK1 b - - 7 28,e1a1,-1,3,1,
4r3/p4kpp/Nppp4/5b2/2P2P2/1P6/P5PP/r4RK1 w - - 0 29,f1a1,1001,15,1,1001-1500
4r3/p4kpp/Nppp4/5b2/2P2P2/1P6/P5PP/R5K1 b - - 0 29,e8e2,-1,10,1,
8/p4kpp/Nppp4/5b2/2P2P2/1P6/P3r1PP/R5K1 w - - 1 30,g1f1,1001,11,1,1001-1500
8/p4kpp/Nppp4/5b2/2P2P2/1P6/P3r1PP/R4K2 b - - 2 30,e2b2,-1,12,1,
8/p4kpp/Nppp4/5b2/2P2P2/1P6/Pr4PP/R4K2 w - - 3 31,a1e1,1001,25,1,1001-1500
8/p4kpp/Nppp4/5b2/2P2P2/1P6/Pr4PP/4RK2 b - - 4 31,d6d5,-1,6,1,
8/p4kpp/Npp5/3p1b2/2P2P2/1P6/Pr4PP/4RK2 w - - 0 32,a6b8,1001,27,1,1001-1500
1N6/p4kpp/1pp5/3p1b2/2P2P2/1P6/Pr4PP/4RK2 b - - 1 32,f5d3,-1,50,1,
1N6/p4kpp/1pp5/3p4/2P2P2/1P1b4/Pr4PP/4RK2 w - - 2 33,f1g1,1001,12,1,1001-1500
1N6/p4kpp/1pp5/3p4/2P2P2/1P1b4/Pr4PP/4R1K1 b - - 3 33,d3e4,-1,0,1,
1N6/p4kpp/1pp5/3p4/2P1bP2/1P6/Pr4PP/4R1K1 w - - 4 34,b8c6,1001,96,0,1001-1500
8/p4kpp/1pN5/3p4/2P1bP2/1P6/Pr4PP/4R1K1 b - - 0 34,b2g2,-1,11,1,
8/p4kpp/1pN5/3p4/2P1bP2/1P6/P5rP/4R1K1 w - - 0 35,g1f1,1001,13,1,1001-1500
8/p4kpp/1pN5/3p4/2P1bP2/1P6/P5rP/4RK2 b - - 1 35,g2a2,-1,5,1,
8/p4kpp/1pN5/3p4/2P1bP2/1P6/r6P/4RK2 w - - 0 36,c6e5,1001,2,0,1001-1500
8/p4kpp/1p6/3pN3/2P1bP2/1P6/r6P/4RK2 b - - 1 36,f7e6,-1,2,1,
8/p5pp/1p2k3/3pN3/2P1bP2/1P6/r6P/4RK2 w - - 2 37,c4d5,1001,5,1,1001-1500
8/p5pp/1p2k3/3PN3/4bP2/1P6/r6P/4RK2 b - - 0 37,e6d5,-1,5,1,
8/p5pp/1p6/3kN3/4bP2/1P6/r6P/4RK2 w - - 0 38,e1d1,1001,3,0,1001-1500
8/p5pp/1p6/3kN3/4bP2/1P6/r6P/3R1K2 b - - 1 38,d5e6,-1,18,1,
8/p5pp/1p2k3/4N3/4bP2/1P6/r6P/3R1K2 w - - 2 39,h2h4,1001,22,1,1001-1500
8/p5pp/1p2k3/4N3/4bP1P/1P6/r7/3R1K2 b - - 0 39,e6f5,-1,7,1,
8/p5pp/1p6/4Nk2/4bP1P/1P6/r7/3R1K2 w - - 1 40,d1d4,1001,30,1,1001-1500
8/p5pp/1p6/4Nk2/3RbP1P/1P6/r7/5K2 b - - 2 40,f5f4,-1,4,1,
8/p5pp/1p6/4N3/3Rbk1P/1P6/r7/5K2 w - - 0 41,e5c4,1001,0,1,1001-1500
8/p5pp/1p6/8/2NRbk1P/1P6/r7/5K2 b - - 1 41,f4f3,-1,271,0,
8/p5pp/1p6/8/2NRb2P/1P3k2/r7/5K2 w - - 2 42,c4d2,1001,62,1,1001-1500
8/p5pp/1p6/8/3Rb2P/1P3k2/r2N4/5K2 b - - 3 42,f3e3,-1,2,1,
8/p5pp/1p6/8/3Rb2P/1P2k3/r2N4/5K2 w - - 4 43,d4e4,1001,20,0,1001-1500
8/p5pp/1p6/8/4R2P/1P2k3/r2N4/5K2 b - - 0 43,e3d2,-1,646,0,
8/p5pp/1p6/8/4R2P/1P6/r2k4/5K2 w - - 0 44,e4e2,1001,9,1,1001-1500
8/p5pp/1p6/8/7P/1P6/r2kR3/5K2 b - - 1 44,d2c3,-1,12,1,
8/p5pp/1p6/8/7P/1Pk5/r3R3/5K2 w - - 2 45,e2a2,1001,0,1,1001-1500
8/p5pp/1p6/8/7P/1Pk5/R7/5K2 b - - 0 45,c3b3,-1,181,0,
8/p5pp/1p6/8/7P/1k6/R7/5K2 w - - 0 46,a2a7,1001,23,1,1001-1500
8/R5pp/1p6/8/7P/1k6/8/5K2 b - - 0 46,h7h5,-1,2584,1,
8/R5p1/1p6/7p/7P/1k6/8/5K2 w - - 0 47,a7g7,1001,2761,1,1001-1500
8/6R1/1p6/7p/7P/1k6/8/5K2 b - - 0 47,b6b5,-1,2713,1,
8/6R1/8/1p5p/7P/1k6/8/5K2 w - - 0 48,f1e2,1001,2,1,1001-1500
8/6R1/8/1p5p/7P/1k6/4K3/8 b - - 1 48,b3c3,-1,1,1,
8/6R1/8/1p5p/7P/2k5/4K3/8 w - - 2 49,g7g5,1001,73,1,1001-1500
8/8/8/1p4Rp/7P/2k5/4K3/8 b - - 3 49,b5b4,-1,6,0,
8/8/8/6Rp/1p5P/2k5/4K3/8 w - - 0 50,g5c5,1001,23,1,1001-1500
8/8/8/2R4p/1p5P/2k5/4K3/8 b - - 1 50,c3d4,-1,31,1,
8/8/8/2R4p/1p1k3P/8/4K3/8 w - - 2 51,c5h5,1001,83,1,1001-1500
8/8/8/7R/1p1k3P/8/4K3/8 b - - 0 51,d4c3,-1,84,1,
8/8/8/7R/1p5P/2k5/4K3/8 w - - 1 52,h5c5,1001,34,1,1001-1500
8/8/8/2R5/1p5P/2k5/4K3/8 b - - 2 52,c3d4,-1,54,1,
8/8/8/2R5/1p1k3P/8/4K3/8 w - - 3 53,c5b5,1001,6,1,1001-1500
8/8/8/1R6/1p1k3P/8/4K3/8 b - - 4 53,d4c4,-1,15,1,
8/8/8/1R6/1pk4P/8/4K3/8 w - - 5 54,b5b4,1001,8,1,1001-1500
8/8/8/8/1Rk4P/8/4K3/8 b - - 0 54,c4b4,-1,3,1,
8/8/8/8/1k5P/8/4K3/8 w - - 0 55,h4h5,1001,36,1,1001-1500
8/8/8/7P/1k6/8/4K3/8 b - - 0 55,b4c5,-1,22,0,
8/8/8/2k4P/8/8/4K3/8 w - - 1 56,h5h6,1001,70,1,1001-1500
8/8/7P/2k5/8/8/4K3/8 b - - 0 56,c5c6,-1,3416,1,
8/8/2k4P/8/8/8/4K3/8 w - - 1 57,h6h7,1001,3394,1,1001-1500
8/7P/2k5/8/8/8/4K3/8 b - - 0 57,c6c5,-1,5,1,
8/7P/8/2k5/8/8/4K3/8 w - - 1 58,h7h8q,1001,0,1,1001-1500
7Q/8/8/2k5/8/8/4K3/8 b - - 0 58,c5c4,-1,5,0,
7Q/8/8/8/2k5/8/4K3/8 w - - 1 59,h8e5,1001,1,1,1001-1500
8/8/8/4Q3/2k5/8/4K3/8 b - - 2 59,c4b3,-1,2,1,
8/8/8/4Q3/8/1k6/4K3/8 w - - 3 60,e5b5,1001,1,1,1001-1500
8/8/8/1Q6/8/1k6/4K3/8 b - - 4 60,b3c3,-1,0,1,
8/8/8/1Q6/8/2k5/4K3/8 w - - 5 61,b5c5,1001,1,1,1001-1500
8/8/8/2Q5/8/2k5/4K3/8 b - - 6 61,c3b3,-1,0,0,
8/8/8/2Q5/8/1k6/4K3/8 w - - 7 62,e2d3,1001,0,1,1001-1500
8/8/8/2Q5/8/1k1K4/8/8 b - - 8 62,b3a4,-1,1,1,
8/8/8/2Q5/k7/3K4/8/8 w - - 9 63,d3c4,1001,2,0,1001-1500
rnbqkbnr/pppppppp/8/8/8/8/PPPPPPPP/RNBQKBNR w KQkq - 0 1,e2e4,1002,4,0,1001-1500
rnbqkbnr/pppppppp/8/8/4P3/8/PPPP1PPP/RNBQKBNR b KQkq - 0 1,e7e5,-1,11,0,
rnbqkbnr/pppp1ppp/8/4p3/4P3/8/PPPP1PPP/RNBQKBNR w KQkq - 0 2,g1f3,1002,6,0,1001-1500
rnbqkbnr/pppp1ppp/8/4p3/4P3/5N2/PPPP1PPP/RNBQKB1R b KQkq - 1 2,g8f6,-1,5,0,
rnbqkb1r/pppp1ppp/5n2/4p3/4P3/5N2/PPPP1PPP/RNBQKB1R w KQkq - 2 3,b1c3,1002,27,0,1001-1500
rnbqkb1r/pppp1ppp/5n2/4p3/4P3/2N2N2/PPPP1PPP/R1BQKB1R b KQkq - 3 3,f8c5,-1,90,0,
rnbqk2r/pppp1ppp/5n2/2b1p3/4P3/2N2N2/PPPP1PPP/R1BQKB1R w KQkq - 4 4,f1c4,1002,105,0,1001-1500
rnbqk2r/pppp1ppp/5n2/2b1p3/2B1P3/2N2N2/PPPP1PPP/R1BQK2R b KQkq - 5 4,d7d6,-1,10,0,
rnbqk2r/ppp2ppp/3p1n2/2b1p3/2B1P3/2N2N2/PPPP1PPP/R1BQK2R w KQkq - 0 5,e1g1,1002,4,0,1001-1500
rnbqk2r/ppp2ppp/3p1n2/2b1p3/2B1P3/2N2N2/PPPP1PPP/R1BQ1RK1 b kq - 1 5,c8g4,-1,22,0,
rn1qk2r/ppp2ppp/3p1n2/2b1p3/2B1P1b1/2N2N2/PPPP1PPP/R1BQ1RK1 w kq - 2 6,a2a3,1002,18,0,1001-1500
rn1qk2r/ppp2ppp/3p1n2/2b1p3/2B1P1b1/P1N2N2/1PPP1PPP/R1BQ1RK1 b kq - 0 6,b8c6,-1,7,0,
r2qk2r/ppp2ppp/2np1n2/2b1p3/2B1P1b1/P1N2N2/1PPP1PPP/R1BQ1RK1 w kq - 1 7,b2b4,1002,30,0,1001-1500
r2qk2r/ppp2ppp/2np1n2/2b1p3/1PB1P1b1/P1N2N2/2PP1PPP/R1BQ1RK1 b kq - 0 7,c5b6,-1,0,0,
r2qk2r/ppp2ppp/1bnp1n2/4p3/1PB1P1b1/P1N2N2/2PP1PPP/R1BQ1RK1 w kq - 1 8,d2d3,1002,139,0,1001-1500
r2qk2r/ppp2ppp/1bnp1n2/4p3/1PB1P1b1/P1NP1N2/2P2PPP/R1BQ1RK1 b kq - 0 8,c6d4,-1,1,0,
r2qk2r/ppp2ppp/1b1p1n2/4p3/1PBnP1b1/P1NP1N2/2P2PPP/R1BQ1RK1 w kq - 1 9,c1e3,1002,76,0,1001-1500
r2qk2r/ppp2ppp/1b1p1n2/4p3/1PBnP1b1/P1NPBN2/2P2PPP/R2Q1RK1 b kq - 2 9,d4f3,-1,26,0,
r2qk2r/ppp2ppp/1b1p1n2/4p3/1PB1P1b1/P1NPBn2/2P2PPP/R2Q1RK1 w kq - 0 10,g2f3,1002,14,0,1001-1500
r2qk2r/ppp2ppp/1b1p1n2/4p3/1PB1P1b1/P1NPBP2/2P2P1P/R2Q1RK1 b kq - 0 10,g4h3,-1,6,0,
r2qk2r/ppp2ppp/1b1p1n2/4p3/1PB1P3/P1NPBP1b/2P2P1P/R2Q1RK1 w kq - 1 11,f1e1,1002,3,1,1001-1500
r2qk2r/ppp2ppp/1b1p1n2/4p3/1PB1P3/P1NPBP1b/2P2P1P/R2QR1K1 b kq - 2 11,f6h5,-1,117,0,
r2qk2r/ppp2ppp/1b1p4/4p2n/1PB1P3/P1NPBP1b/2P2P1P/R2QR1K1 w kq - 3 12,g1h1,1002,18,1,1001-1500
r2qk2r/ppp2ppp/1b1p4/4p2n/1PB1P3/P1NPBP1b/2P2P1P/R2QR2K b kq - 4 12,d8h4,-1,23,0,
r3k2r/ppp2ppp/1b1p4/4p2n/1PB1P2q/P1NPBP1b/2P2P1P/R2QR2K w kq - 5 13,d3d4,1002,2,1,1001-1500
r3k2r/ppp2ppp/1b1p4/4p2n/1PBPP2q/P1N1BP1b/2P2P1P/R2QR2K b kq - 0 13,h5f4,-1,48,0,
r3k2r/ppp2ppp/1b1p4/4p3/1PBPPn1q/P1N1BP1b/2P2P1P/R2QR2K w kq - 1 14,e1g1,1002,7,1,1001-1500
r3k2r/ppp2ppp/1b1p4/4p3/1PBPPn1q/P1N1BP1b/2P2P1P/R2Q2RK b kq - 2 14,e8g8,-1,3,1,
r4rk1/ppp2ppp/1b1p4/4p3/1PBPPn1q/P1N1BP1b/2P2P1P/R2Q2RK w - - 3 15,c3d5,1002,8,1,1001-1500
r4rk1/ppp2ppp/1b1p4/3Np3/1PBPPn1q/P3BP1b/2P2P1P/R2Q2RK b - - 4 15,c7c6,-1,7,1,
r4rk1/pp3ppp/1bpp4/3Np3/1PBPPn1q/P3BP1b/2P2P1P/R2Q2RK w - - 0 16,d5b6,1002,3,1,1001-1500
r4rk1/pp3ppp/1Npp4/4p3/1PBPPn1q/P3BP1b/2P2P1P/R2Q2RK b - - 0 16,a7b6,-1,3,0,
r4rk1/1p3ppp/1ppp4/4p3/1PBPPn1q/P3BP1b/2P2P1P/R2Q2RK w - - 0 17,d4e5,1002,37,0,1001-1500
r4rk1/1p3ppp/1ppp4/4P3/1PB1Pn1q/P3BP1b/2P2P1P/R2Q2RK b - - 0 17,b6b5,-1,3,1,
r4rk1/1p3ppp/2pp4/1p2P3/1PB1Pn1q/P3BP1b/2P2P1P/R2Q2RK w - - 0 18,e3f4,1002,12,1,1001-1500
r4rk1/1p3ppp/2pp4/1p2P3/1PB1PB1q/P4P1b/2P2P1P/R2Q2RK b - - 0 18,h4f4,-1,7,0,
r4rk1/1p3ppp/2pp4/1p2P3/1PB1Pq2/P4P1b/2P2P1P/R2Q2RK w - - 0 19,c4b3,1002,21,1,1001-1500
r4rk1/1p3ppp/2pp4/1p2P3/1P2Pq2/PB3P1b/2P2P1P/R2Q2RK b - - 1 19,d6e5,-1,14,0,
r4rk1/1p3ppp/2p5/1p2p3/1P2Pq2/PB3P1b/2P2P1P/R2Q2RK w - - 0 20,g1g3,1002,12,1,1001-1500
r4rk1/1p3ppp/2p5/1p2p3/1P2Pq2/PB3PRb/2P2P1P/R2Q3K b - - 1 20,f8d8,-1,21,1,
r2r2k1/1p3ppp/2p5/1p2p3/1P2Pq2/PB3PRb/2P2P1P/R2Q3K w - - 2 21,d1g1,1002,5,1,1001-1500
r2r2k1/1p3ppp/2p5/1p2p3/1P2Pq2/PB3PRb/2P2P1P/R5QK b - - 3 21,g7g6,-1,405,0,
r2r2k1/1p3p1p/2p3p1/1p2p3/1P2Pq2/PB3PRb/2P2P1P/R5QK w - - 0 22,g3h3,1002,45,1,1001-1500
r2r2k1/1p3p1p/2p3p1/1p2p3/1P2Pq2/PB3P1R/2P2P1P/R5QK b - - 0 22,d8d2,-1,30,0,
r5k1/1p3p1p/2p3p1/1p2p3/1P2Pq2/PB3P1R/2Pr1P1P/R5QK w - - 1 23,g1g3,1002,43,1,1001-1500
r5k1/1p3p1p/2p3p1/1p2p3/1P2Pq2/PB3PQR/2Pr1P1P/R6K b - - 2 23,f4g3,-1,35,0,
r5k1/1p3p1p/2p3p1/1p2p3/1P2P3/PB3PqR/2Pr1P1P/R6K w - - 0 24,h3g3,1002,11,1,1001-1500
r5k1/1p3p1p/2p3p1/1p2p3/1P2P3/PB3PR1/2Pr1P1P/R6K b - - 0 24,d2f2,-1,6,0,
r5k1/1p3p1p/2p3p1/1p2p3/1P2P3/PB3PR1/2P2r1P/R6K w - - 0 25,a1d1,1002,5,1,1001-1500
r5k1/1p3p1p/2p3p1/1p2p3/1P2P3/PB3PR1/2P2r1P/3R3K b - - 1 25,b7b6,-1,3,1,
r5k1/5p1p/1pp3p1/1p2p3/1P2P3/PB3PR1/2P2r1P/3R3K w - - 0 26,h1g1,1002,35,1,1001-1500
r5k1/5p1p/1pp3p1/1p2p3/1P2P3/PB3PR1/2P2r1P/3R2K1 b - - 1 26,f2e2,-1,3,1,
r5k1/5p1p/1pp3p1/1p2p3/1P2P3/PB3PR1/2P1r2P/3R2K1 w - - 2 27,d1d7,1002,55,0,1001-1500
r5k1/3R1p1p/1pp3p1/1p2p3/1P2P3/PB3PR1/2P1r2P/6K1 b - - 3 27,a8a3,-1,14,1,
6k1/3R1p1p/1pp3p1/1p2p3/1P2P3/rB3PR1/2P1r2P/6K1 w - - 0 28,g1f1,1002,5,1,1001-1500
6k1/3R1p1p/1pp3p1/1p2p3/1P2P3/rB3PR1/2P1r2P/5K2 b - - 1 28,e2h2,-1,2,0,
6k1/3R1p1p/1pp3p1/1p2p3/1P2P3/rB3PR1/2P4r/5K2 w - - 0 29,f1g1,1002,7,1,1001-1500
6k1/3R1p1p/1pp3p1/1p2p3/1P2P3/rB3PR1/2P4r/6K1 b - - 1 29,a3a1,-1,415,0,
6k1/3R1p1p/1pp3p1/1p2p3/1P2P3/1B3PR1/2P4r/r5K1 w - - 2 30,g1h2,1002,79,0,1001-1500
6k1/3R1p1p/1pp3p1/1p2p3/1P2P3/1B3PR1/2P4K/r7 b - - 0 30,a1a4,-1,50,1,
6k1/3R1p1p/1pp3p1/1p2p3/rP2P3/1B3PR1/2P4K/8 w - - 1 31,b3f7,1002,365,1,1001-1500
6k1/3R1B1p/1pp3p1/1p2p3/rP2P3/5PR1/2P4K/8 b - - 0 31,g8h8,-1,540,1,
7k/3R1B1p/1pp3p1/1p2p3/rP2P3/5PR1/2P4K/8 w - - 1 32,d7d8,1002,631,0,1001-1500
3R3k/5B1p/1pp3p1/1p2p3/rP2P3/5PR1/2P4K/8 b - - 2 32,h8g7,-1,163,1,
3R4/5Bkp/1pp3p1/1p2p3/rP2P3/5PR1/2P4K/8 w - - 3 33,d8d7,1002,152,1,1001-1500
8/3R1Bkp/1pp3p1/1p2p3/rP2P3/5PR1/2P4K/8 b - - 4 33,g7h8,-1,186,1,
7k/3R1B1p/1pp3p1/1p2p3/rP2P3/5PR1/2P4K/8 w - - 5 34,g3h3,1002,7,1,1001-1500
7k/3R1B1p/1pp3p1/1p2p3/rP2P3/5P1R/2P4K/8 b - - 6 34,a4b4,-1,1594,0,
7k/3R1B1p/1pp3p1/1p2p3/1r2P3/5P1R/2P4K/8 w - - 0 35,f7g6,1002,0,1,1001-1500
7k/3R3p/1pp3B1/1p2p3/1r2P3/5P1R/2P4K/8 b - - 0 35,h8g8,-1,2,0,
6k1/3R3p/1pp3B1/1p2p3/1r2P3/5P1R/2P4K/8 w - - 1 36,g6h7,1002,0,1,1001-1500
6k1/3R3B/1pp5/1p2p3/1r2P3/5P1R/2P4K/8 b - - 0 36,g8f8,-1,0,1,
5k2/3R3B/1pp5/1p2p3/1r2P3/5P1R/2P4K/8 w - - 1 37,h7f5,1002,0,1,1001-1500
5k2/3R4/1pp5/1p2pB2/1r2P3/5P1R/2P4K/8 b - - 2 37,f8g8,-1,0,1,
6k1/3R4/1pp5/1p2pB2/1r2P3/5P1R/2P4K/8 w - - 3 38,f5e6,1002,0,1,1001-1500
6k1/3R4/1pp1B3/1p2p3/1r2P3/5P1R/2P4K/8 b - - 4 38,g8f8,-1,0,0,
5k2/3R4/1pp1B3/1p2p3/1r2P3/5P1R/2P4K/8 w - - 5 39,h3h8,1002,0,1,1001-1500
rnbqkbnr/pppppppp/8/8/8/8/PPPPPPPP/RNBQKBNR w KQkq - 0 1,d2d4,1002,2,0,1001-1500
rnbqkbnr/pppppppp/8/8/3P4/8/PPP1PPPP/RNBQKBNR b KQkq - 0 1,d7d5,-1,8,0,
rnbqkbnr/ppp1pppp/8/3p4/3P4/8/PPP1PPPP/RNBQKBNR w KQkq - 0 2,c2c4,1002,3,0,1001-1500
rnbqkbnr/ppp1pppp/8/3p4/2PP4/8/PP2PPPP/RNBQKBNR b KQkq - 0 2,g8f6,-1,50,0,
rnbqkb1r/ppp1pppp/5n2/3p4/2PP4/8/PP2PPPP/RNBQKBNR w KQkq - 1 3,b1c3,1002,45,0,1001-1500
rnbqkb1r/ppp1pppp/5n2/3p4/2PP4/2N5/PP2PPPP/R1BQKBNR b KQkq - 2 3,e7e6,-1,14,0,
rnbqkb1r/ppp2ppp/4pn2/3p4/2PP4/2N5/PP2PPPP/R1BQKBNR w KQkq - 0 4,c1g5,1002,5,0,1001-1500
rnbqkb1r/ppp2ppp/4pn2/3p2B1/2PP4/2N5/PP2PPPP/R2QKBNR b KQkq - 1 4,f8e7,-1,10,0,
rnbqk2r/ppp1bppp/4pn2/3p2B1/2PP4/2N5/PP2PPPP/R2QKBNR w KQkq - 2 5,e2e3,1002,9,0,1001-1500
rnbqk2r/ppp1bppp/4pn2/3p2B1/2PP4/2N1P3/PP3PPP/R2QKBNR b KQkq - 0 5,e8g8,-1,6,0,
rnbq1rk1/ppp1bppp/4pn2/3p2B1/2PP4/2N1P3/PP3PPP/R2QKBNR w KQ - 1 6,g5f4,1002,20,0,1001-1500
rnbq1rk1/ppp1bppp/4pn2/3p4/2PP1B2/2N1P3/PP3PPP/R2QKBNR b KQ - 2 6,h7h6,-1,5,0,
rnbq1rk1/ppp1bpp1/4pn1p/3p4/2PP1B2/2N1P3/PP3PPP/R2QKBNR w KQ - 0 7,g1f3,1002,3,0,1001-1500
rnbq1rk1/ppp1bpp1/4pn1p/3p4/2PP1B2/2N1PN2/PP3PPP/R2QKB1R b KQ - 1 7,b8d7,-1,24,0,
r1bq1rk1/pppnbpp1/4pn1p/3p4/2PP1B2/2N1PN2/PP3PPP/R2QKB1R w KQ - 2 8,f4g3,1002,30,0,1001-1500
r1bq1rk1/pppnbpp1/4pn1p/3p4/2PP4/2N1PNB1/PP3PPP/R2QKB1R b KQ - 3 8,d5c4,-1,43,0,
r1bq1rk1/pppnbpp1/4pn1p/8/2pP4/2N1PNB1/PP3PPP/R2QKB1R w KQ - 0 9,h2h3,1002,108,0,1001-1500
r1bq1rk1/pppnbpp1/4pn1p/8/2pP4/2N1PNBP/PP3PP1/R2QKB1R b KQ - 0 9,a7a6,-1,95,0,
r1bq1rk1/1ppnbpp1/p3pn1p/8/2pP4/2N1PNBP/PP3PP1/R2QKB1R w KQ - 0 10,f1c4,1002,53,0,1001-1500
r1bq1rk1/1ppnbpp1/p3pn1p/8/2BP4/2N1PNBP/PP3PP1/R2QK2R b KQ - 0 10,b7b5,-1,4,0,
r1bq1rk1/2pnbpp1/p3pn1p/1p6/2BP4/2N1PNBP/PP3PP1/R2QK2R w KQ - 0 11,c4d3,1002,7,0,1001-1500
r1bq1rk1/2pnbpp1/p3pn1p/1p6/3P4/2NBPNBP/PP3PP1/R2QK2R b KQ - 1 11,c8b7,-1,3,0,
r2q1rk1/1bpnbpp1/p3pn1p/1p6/3P4/2NBPNBP/PP3PP1/R2QK2R w KQ - 2 12,e1g1,1002,3,0,1001-1500
r2q1rk1/1bpnbpp1/p3pn1p/1p6/3P4/2NBPNBP/PP3PP1/R2Q1RK1 b - - 3 12,c7c5,-1,5,0,
r2q1rk1/1b1nbpp1/p3pn1p/1pp5/3P4/2NBPNBP/PP3PP1/R2Q1RK1 w - - 0 13,a2a3,1002,6,1,1001-1500
r2q1rk1/1b1nbpp1/p3pn1p/1pp5/3P4/P1NBPNBP/1P3PP1/R2Q1RK1 b - - 0 13,c5c4,-1,28,0,
r2q1rk1/1b1nbpp1/p3pn1p/1p6/2pP4/P1NBPNBP/1P3PP1/R2Q1RK1 w - - 0 14,d3c2,1002,12,0,1001-1500
r2q1rk1/1b1nbpp1/p3pn1p/1p6/2pP4/P1N1PNBP/1PB2PP1/R2Q1RK1 b - - 1 14,d7b6,-1,52,0,
r2q1rk1/1b2bpp1/pn2pn1p/1p6/2pP4/P1N1PNBP/1PB2PP1/R2Q1RK1 w - - 2 15,b2b3,1002,131,0,1001-1500
r2q1rk1/1b2bpp1/pn2pn1p/1p6/2pP4/PPN1PNBP/2B2PP1/R2Q1RK1 b - - 0 15,c4b3,-1,4,0,
r2q1rk1/1b2bpp1/pn2pn1p/1p6/3P4/PpN1PNBP/2B2PP1/R2Q1RK1 w - - 0 16,c2b3,1002,10,0,1001-1500
r2q1rk1/1b2bpp1/pn2pn1p/1p6/3P4/PBN1PNBP/5PP1/R2Q1RK1 b - - 0 16,a8c8,-1,9,0,
2rq1rk1/1b2bpp1/pn2pn1p/1p6/3P4/PBN1PNBP/5PP1/R2Q1RK1 w - - 1 17,c3e2,1002,4,1,1001-1500
2rq1rk1/1b2bpp1/pn2pn1p/1p6/3P4/PB2PNBP/4NPP1/R2Q1RK1 b - - 2 17,f6e4,-1,3,0,
2rq1rk1/1b2bpp1/pn2p2p/1p6/3Pn3/PB2PNBP/4NPP1/R2Q1RK1 w - - 3 18,g3f4,1002,1,1,1001-1500
2rq1rk1/1b2bpp1/pn2p2p/1p6/3PnB2/PB2PN1P/4NPP1/R2Q1RK1 b - - 4 18,b6d5,-1,2,1,
2rq1rk1/1b2bpp1/p3p2p/1p1n4/3PnB2/PB2PN1P/4NPP1/R2Q1RK1 w - - 5 19,f3e5,1002,26,1,1001-1500
2rq1rk1/1b2bpp1/p3p2p/1p1nN3/3PnB2/PB2P2P/4NPP1/R2Q1RK1 b - - 6 19,d5f4,-1,35,0,
2rq1rk1/1b2bpp1/p3p2p/1p2N3/3Pnn2/PB2P2P/4NPP1/R2Q1RK1 w - - 0 20,e2f4,1002,15,0,1001-1500
2rq1rk1/1b2bpp1/p3p2p/1p2N3/3PnN2/PB2P2P/5PP1/R2Q1RK1 b - - 0 20,e4c3,-1,86,0,
2rq1rk1/1b2bpp1/p3p2p/1p2N3/3P1N2/PBn1P2P/5PP1/R2Q1RK1 w - - 1 21,d1g4,1002,0,1,1001-1500
2rq1rk1/1b2bpp1/p3p2p/1p2N3/3P1NQ1/PBn1P2P/5PP1/R4RK1 b - - 2 21,e7g5,-1,40,0,
2rq1rk1/1b3pp1/p3p2p/1p2N1b1/3P1NQ1/PBn1P2P/5PP1/R4RK1 w - - 3 22,h3h4,1002,269,0,1001-1500
2rq1rk1/1b3pp1/p3p2p/1p2N1b1/3P1NQP/PBn1P3/5PP1/R4RK1 b - - 0 22,g5f4,-1,11,0,
2rq1rk1/1b3pp1/p3p2p/1p2N3/3P1bQP/PBn1P3/5PP1/R4RK1 w - - 0 23,e3f4,1002,23,1,1001-1500
2rq1rk1/1b3pp1/p3p2p/1p2N3/3P1PQP/PBn5/5PP1/R4RK1 b - - 0 23,d8d4,-1,32,0,
2r2rk1/1b3pp1/p3p2p/1p2N3/3q1PQP/PBn5/5PP1/R4RK1 w - - 0 24,e5f7,1002,8,1,1001-1500
2r2rk1/1b3Np1/p3p2p/1p6/3q1PQP/PBn5/5PP1/R4RK1 b - - 0 24,f8f7,-1,33,0,
2r3k1/1b3rp1/p3p2p/1p6/3q1PQP/PBn5/5PP1/R4RK1 w - - 0 25,b3e6,1002,20,1,1001-1500
2r3k1/1b3rp1/p3B2p/1p6/3q1PQP/P1n5/5PP1/R4RK1 b - - 0 25,c8f8,-1,48,1,
5rk1/1b3rp1/p3B2p/1p6/3q1PQP/P1n5/5PP1/R4RK1 w - - 1 26,a1e1,1002,5,1,1001-1500
5rk1/1b3rp1/p3B2p/1p6/3q1PQP/P1n5/5PP1/4RRK1 b - - 2 26,b7d5,-1,24,1,
5rk1/5rp1/p3B2p/1p1b4/3q1PQP/P1n5/5PP1/4RRK1 w - - 3 27,e6f7,1002,23,0,1001-1500
5rk1/5Bp1/p6p/1p1b4/3q1PQP/P1n5/5PP1/4RRK1 b - - 0 27,d5f7,-1,13,1,
5rk1/5bp1/p6p/1p6/3q1PQP/P1n5/5PP1/4RRK1 w - - 0 28,e1e7,1002,20,1,1001-1500
5rk1/4Rbp1/p6p/1p6/3q1PQP/P1n5/5PP1/5RK1 b - - 1 28,c3d5,-1,10,0,
5rk1/4Rbp1/p6p/1p1n4/3q1PQP/P7/5PP1/5RK1 w - - 2 29,e7d7,1002,48,0,1001-1500
5rk1/3R1bp1/p6p/1p1n4/3q1PQP/P7/5PP1/5RK1 b - - 3 29,d4f4,-1,157,0,
5rk1/3R1bp1/p6p/1p1n4/5qQP/P7/5PP1/5RK1 w - - 0 30,g4f4,1002,20,0,1001-1500
5rk1/3R1bp1/p6p/1p1n4/5Q1P/P7/5PP1/5RK1 b - - 0 30,d5f4,-1,3,1,
5rk1/3R1bp1/p6p/1p6/5n1P/P7/5PP1/5RK1 w - - 0 31,f1e1,1002,21,1,1001-1500
5rk1/3R1bp1/p6p/1p6/5n1P/P7/5PP1/4R1K1 b - - 1 31,a6a5,-1,12,1,
5rk1/3R1bp1/7p/pp6/5n1P/P7/5PP1/4R1K1 w - - 0 32,g2g3,1002,92,0,1001-1500
5rk1/3R1bp1/7p/pp6/5n1P/P5P1/5P2/4R1K1 b - - 0 32,f4h3,-1,1,0,
5rk1/3R1bp1/7p/pp6/7P/P5Pn/5P2/4R1K1 w - - 1 33,g1g2,1002,15,1,1001-1500
5rk1/3R1bp1/7p/pp6/7P/P5Pn/5PK1/4R3 b - - 2 33,h3f2,-1,10,1,
5rk1/3R1bp1/7p/pp6/7P/P5P1/5nK1/4R3 w - - 0 34,g2f2,1002,284,0,1001-1500
5rk1/3R1bp1/7p/pp6/7P/P5P1/5K2/4R3 b - - 0 34,b5b4,-1,518,0,
5rk1/3R1bp1/7p/p7/1p5P/P5P1/5K2/4R3 w - - 0 35,a3b4,1002,342,0,1001-1500
5rk1/3R1bp1/7p/p7/1P5P/6P1/5K2/4R3 b - - 0 35,f7e6,-1,15,1,
5rk1/3R2p1/4b2p/p7/1P5P/6P1/5K2/4R3 w - - 1 36,f2g1,1002,10,1,1001-1500
5rk1/3R2p1/4b2p/p7/1P5P/6P1/8/4R1K1 b - - 2 36,e6d7,-1,8,0,
5rk1/3b2p1/7p/p7/1P5P/6P1/8/4R1K1 w - - 0 37,b4a5,1002,0,1,1001-1500
5rk1/3b2p1/7p/P7/7P/6P1/8/4R1K1 b - - 0 37,f8a8,-1,7,0,
r5k1/3b2p1/7p/P7/7P/6P1/8/4R1K1 w - - 1 38,e1a1,1002,6,0,1001-1500
r5k1/3b2p1/7p/P7/7P/6P1/8/R5K1 b - - 2 38,d7b5,-1,52,0,
r5k1/6p1/7p/Pb6/7P/6P1/8/R5K1 w - - 3 39,g1f2,1002,9,1,1001-1500
r5k1/6p1/7p/Pb6/7P/6P1/5K2/R7 b - - 4 39,b5d7,-1,19,1,
r5k1/3b2p1/7p/P7/7P/6P1/5K2/R7 w - - 5 40,f2e3,1002,2,0,1001-1500
r5k1/3b2p1/7p/P7/7P/4K1P1/8/R7 b - - 6 40,g8f7,-1,28,0,
r7/3b1kp1/7p/P7/7P/4K1P1/8/R7 w - - 7 41,e3d4,1002,38,0,1001-1500
r7/3b1kp1/7p/P7/3K3P/6P1/8/R7 b - - 8 41,f7e6,-1,51,0,
r7/3b2p1/4k2p/P7/3K3P/6P1/8/R7 w - - 9 42,d4c5,1002,9,1,1001-1500
r7/3b2p1/4k2p/P1K5/7P/6P1/8/R7 b - - 10 42,e6e5,-1,161,0,
r7/3b2p1/7p/P1K1k3/7P/6P1/8/R7 w - - 11 43,a5a6,1002,14,1,1001-1500
r7/3b2p1/P6p/2K1k3/7P/6P1/8/R7 b - - 0 43,a8c8,-1,0,1,
2r5/3b2p1/P6p/2K1k3/7P/6P1/8/R7 w - - 1 44,c5b6,1002,5,0,1001-1500
2r5/3b2p1/PK5p/4k3/7P/6P1/8/R7 b - - 2 44,c8c6,-1,18,1,
8/3b2p1/PKr4p/4k3/7P/6P1/8/R7 w - - 3 45,b6b7,1002,6,1,1001-1500
8/1K1b2p1/P1r4p/4k3/7P/6P1/8/R7 b - - 4 45,e5d6,-1,206,0,
8/1K1b2p1/P1rk3p/8/7P/6P1/8/R7 w - - 5 46,a6a7,1002,0,1,1001-1500
8/PK1b2p1/2rk3p/8/7P/6P1/8/R7 b - - 0 46,c6c7,-1,0,0,
8/PKrb2p1/3k3p/8/7P/6P1/8/R7 w - - 1 47,b7b8,1002,0,0,1001-1500
1K6/P1rb2p1/3k3p/8/7P/6P1/8/R7 b - - 2 47,c7c8,-1,0,0,
1Kr5/P2b2p1/3k3p/8/7P/6P1/8/R7 w - - 3 48,b8b7,1002,0,1,1001-1500
2r5/PK1b2p1/3k3p/8/7P/6P1/8/R7 b - - 4 48,d7c6,-1,653,0,
2r5/PK4p1/2bk3p/8/7P/6P1/8/R7 w - - 5 49,b7c8,1002,5,0,1001-1500
2K5/P5p1/2bk3p/8/7P/6P1/8/R7 b - - 0 49,c6d7,-1,81,0,
2K5/P2b2p1/3k3p/8/7P/6P1/8/R7 w - - 1 50,c8d8,1002,23,1,1001-1500
3K4/P2b2p1/3k3p/8/7P/6P1/8/R7 b - - 2 50,d7c6,-1,7,0,
3K4/P5p1/2bk3p/8/7P/6P1/8/R7 w - - 3 51,a1a6,1002,26,1,1001-1500
3K4/P5p1/R1bk3p/8/7P/6P1/8/8 b - - 4 51,d6c5,-1,27,0,
3K4/P5p1/R1b4p/2k5/7P/6P1/8/8 w - - 5 52,a7a8q,1002,220,0,1001-1500
Q2K4/6p1/R1b4p/2k5/7P/6P1/8/8 b - - 0 52,c6a8,-1,88,0,
b2K4/6p1/R6p/2k5/7P/6P1/8/8 w - - 0 53,a6a8,1002,24,1,1001-1500
R2K4/6p1/7p/2k5/7P/6P1/8/8 b - - 0 53,c5d4,-1,2732,0,
R2K4/6p1/7p/8/3k3P/6P1/8/8 w - - 1 54,h4h5,1002,5,1,1001-1500
R2K4/6p1/7p/7P/3k4/6P1/8/8 b - - 0 54,d4e5,-1,23,0,
R2K4/6p1/7p/4k2P/8/6P1/8/8 w - - 1 55,d8e7,1002,83,1,1001-1500
R7/4K1p1/7p/4k2P/8/6P1/8/8 b - - 2 55,e5f5,-1,260,1,
R7/4K1p1/7p/5k1P/8/6P1/8/8 w - - 3 56,a8a5,1002,209,1,1001-1500
8/4K1p1/7p/R4k1P/8/6P1/8/8 b - - 4 56,f5g4,-1,206,0,
8/4K1p1/7p/R6P/6k1/6P1/8/8 w - - 5 57,e7f7,1002,316,0,1001-1500
8/5Kp1/7p/R6P/6k1/6P1/8/8 b - - 6 57,g7g5,-1,1143,0,
8/5K2/7p/R5pP/6k1/6P1/8/8 w - g6 0 58,h5g6,1002,4,1,1001-1500
8/5K2/6Pp/R7/6k1/6P1/8/8 b - - 0 58,h6h5,-1,8,0,
8/5K2/6P1/R6p/6k1/6P1/8/8 w - - 0 59,g6g7,1002,9,1,1001-1500
8/5KP1/8/R6p/6k1/6P1/8/8 b - - 0 59,g4f3,-1,8,1,
8/5KP1/8/R6p/8/5kP1/8/8 w - - 1 60,g7g8q,1002,1,0,1001-1500
6Q1/5K2/8/R6p/8/5kP1/8/8 b - - 0 60,h5h4,-1,1,0,
6Q1/5K2/8/R7/7p/5kP1/8/8 w - - 0 61,g3h4,1002,2,1,1001-1500
6Q1/5K2/8/R7/7P/5k2/8/8 b - - 0 61,f3f4,-1,3,0,
6Q1/5K2/8/R7/5k1P/8/8/8 w - - 1 62,h4h5,1002,0,0,1001-1500
6Q1/5K2/8/R6P/5k2/8/8/8 b - - 0 62,f4e4,-1,2,0,
6Q1/5K2/8/R6P/4k3/8/8/8 w - - 1 63,h5h6,1002,2,1,1001-1500
6Q1/5K2/7P/R7/4k3/8/8/8 b - - 0 63,e4d4,-1,0,1,
6Q1/5K2/7P/R7/3k4/8/8/8 w - - 1 64,h6h7,1002,0,1,1001-1500
6Q1/5K1P/8/R7/3k4/8/8/8 b - - 0 64,d4c3,-1,0,1,
6Q1/5K1P/8/R7/8/2k5/8/8 w - - 1 65,h7h8q,1002,0,0,1001-1500
6QQ/5K2/8/R7/8/2k5/8/8 b - - 0 65,c3b4,-1,1,0,
6QQ/5K2/8/R7/1k6/8/8/8 w - - 1 66,g8b8,1002,0,1,1001-1500
1Q5Q/5K2/8/R7/1k6/8/8/8 b - - 2 66,b4c4,-1,0,0,
1Q5Q/5K2/8/R7/2k5/8/8/8 w - - 3 67,h8h4,1002,2,0,1001-1500
1Q6/5K2/8/R7/2k4Q/8/8/8 b - - 4 67,c4d3,-1,0,0,
1Q6/5K2/8/R7/7Q/3k4/8/8 w - - 5 68,b8b2,1002,0,1,1001-1500
8/5K2/8/R7/7Q/3k4/1Q6/8 b - - 6 68,d3e3,-1,0,0,
8/5K2/8/R7/7Q/4k3/1Q6/8 w - - 7 69,a5a3,1002,0,1,1001-1500
rnbqkbnr/pppppppp/8/8/8/8/PPPPPPPP/RNBQKBNR w KQkq - 0 1,e2e4,1002,4,0,1001-1500
rnbqkbnr/pppppppp/8/8/4P3/8/PPPP1PPP/RNBQKBNR b KQkq - 0 1,e7e5,-1,11,0,
rnbqkbnr/pppp1ppp/8/4p3/4P3/8/PPPP1PPP/RNBQKBNR w KQkq - 0 2,g1f3,1002,6,0,1001-1500
rnbqkbnr/pppp1ppp/8/4p3/4P3/5N2/PPPP1PPP/RNBQKB1R b KQkq - 1 2,g8f6,-1,5,0,
rnbqkb1r/pppp1ppp/5n2/4p3/4P3/5N2/PPPP1PPP/RNBQKB1R w KQkq - 2 3,f3e5,1002,6,0,1001-1500
rnbqkb1r/pppp1ppp/5n2/4N3/4P3/8/PPPP1PPP/RNBQKB1R b KQkq - 0 3,f6e4,-1,23,0,
rnbqkb1r/pppp1ppp/8/4N3/4n3/8/PPPP1PPP/RNBQKB1R w KQkq - 0 4,d2d4,1002,38,0,1001-1500
rnbqkb1r/pppp1ppp/8/4N3/3Pn3/8/PPP2PPP/RNBQKB1R b KQkq - 0 4,d8e7,-1,92,0,
rnb1kb1r/ppppqppp/8/4N3/3Pn3/8/PPP2PPP/RNBQKB1R w KQkq - 1 5,f1d3,1002,1,0,1001-1500
rnb1kb1r/ppppqppp/8/4N3/3Pn3/3B4/PPP2PPP/RNBQK2R b KQkq - 2 5,d7d6,-1,9,0,
rnb1kb1r/ppp1qppp/3p4/4N3/3Pn3/3B4/PPP2PPP/RNBQK2R w KQkq - 0 6,d3e4,1002,5,0,1001-1500
rnb1kb1r/ppp1qppp/3p4/4N3/3PB3/8/PPP2PPP/RNBQK2R b KQkq - 0 6,d6e5,-1,15,0,
rnb1kb1r/ppp1qppp/8/4p3/3PB3/8/PPP2PPP/RNBQK2R w KQkq - 0 7,e1g1,1002,3,0,1001-1500
rnb1kb1r/ppp1qppp/8/4p3/3PB3/8/PPP2PPP/RNBQ1RK1 b kq - 1 7,g7g6,-1,50,0,
rnb1kb1r/ppp1qp1p/6p1/4p3/3PB3/8/PPP2PPP/RNBQ1RK1 w kq - 0 8,d4e5,1002,33,0,1001-1500
rnb1kb1r/ppp1qp1p/6p1/4P3/4B3/8/PPP2PPP/RNBQ1RK1 b kq - 0 8,f8g7,-1,5,0,
rnb1k2r/ppp1qpbp/6p1/4P3/4B3/8/PPP2PPP/RNBQ1RK1 w kq - 1 9,f1e1,1002,36,0,1001-1500
rnb1k2r/ppp1qpbp/6p1/4P3/4B3/8/PPP2PPP/RNBQR1K1 b kq - 2 9,e8g8,-1,22,0,
rnb2rk1/ppp1qpbp/6p1/4P3/4B3/8/PPP2PPP/RNBQR1K1 w - - 3 10,c1f4,1002,97,0,1001-1500
rnb2rk1/ppp1qpbp/6p1/4P3/4BB2/8/PPP2PPP/RN1QR1K1 b - - 4 10,c7c6,-1,38,0,
rnb2rk1/pp2qpbp/2p3p1/4P3/4BB2/8/PPP2PPP/RN1QR1K1 w - - 0 11,b1d2,1002,8,1,1001-1500
rnb2rk1/pp2qpbp/2p3p1/4P3/4BB2/8/PPPN1PPP/R2QR1K1 b - - 1 11,b8d7,-1,56,0,
r1b2rk1/pp1nqpbp/2p3p1/4P3/4BB2/8/PPPN1PPP/R2QR1K1 w - - 2 12,d2c4,1002,2,1,1001-1500
r1b2rk1/pp1nqpbp/2p3p1/4P3/2N1BB2/8/PPP2PPP/R2QR1K1 b - - 3 12,d7c5,-1,17,0,
r1b2rk1/pp2qpbp/2p3p1/2n1P3/2N1BB2/8/PPP2PPP/R2QR1K1 w - - 4 13,e4f3,1002,5,1,1001-1500
r1b2rk1/pp2qpbp/2p3p1/2n1P3/2N2B2/5B2/PPP2PPP/R2QR1K1 b - - 5 13,c8e6,-1,68,0,
r4rk1/pp2qpbp/2p1b1p1/2n1P3/2N2B2/5B2/PPP2PPP/R2QR1K1 w - - 6 14,c4d6,1002,16,1,1001-1500
r4rk1/pp2qpbp/2pNb1p1/2n1P3/5B2/5B2/PPP2PPP/R2QR1K1 b - - 7 14,a8d8,-1,11,0,
3r1rk1/pp2qpbp/2pNb1p1/2n1P3/5B2/5B2/PPP2PPP/R2QR1K1 w - - 8 15,d1d4,1002,23,1,1001-1500
3r1rk1/pp2qpbp/2pNb1p1/2n1P3/3Q1B2/5B2/PPP2PPP/R3R1K1 b - - 9 15,c5d7,-1,14,1,
3r1rk1/pp1nqpbp/2pNb1p1/4P3/3Q1B2/5B2/PPP2PPP/R3R1K1 w - - 10 16,a1d1,1002,2,1,1001-1500
3r1rk1/pp1nqpbp/2pNb1p1/4P3/3Q1B2/5B2/PPP2PPP/3RR1K1 b - - 11 16,c6c5,-1,142,0,
3r1rk1/pp1nqpbp/3Nb1p1/2p1P3/3Q1B2/5B2/PPP2PPP/3RR1K1 w - - 0 17,d4e3,1002,6,1,1001-1500
3r1rk1/pp1nqpbp/3Nb1p1/2p1P3/5B2/4QB2/PPP2PPP/3RR1K1 b - - 1 17,b7b6,-1,109,0,
3r1rk1/p2nqpbp/1p1Nb1p1/2p1P3/5B2/4QB2/PPP2PPP/3RR1K1 w - - 0 18,f4g5,1002,15,1,1001-1500
3r1rk1/p2nqpbp/1p1Nb1p1/2p1P1B1/8/4QB2/PPP2PPP/3RR1K1 b - - 1 18,f7f6,-1,2,0,
3r1rk1/p2nq1bp/1p1Nbpp1/2p1P1B1/8/4QB2/PPP2PPP/3RR1K1 w - - 0 19,e5f6,1002,10,1,1001-1500
3r1rk1/p2nq1bp/1p1NbPp1/2p3B1/8/4QB2/PPP2PPP/3RR1K1 b - - 0 19,g7f6,-1,0,0,
3r1rk1/p2nq2p/1p1Nbbp1/2p3B1/8/4QB2/PPP2PPP/3RR1K1 w - - 0 20,f3d5,1002,40,1,1001-1500
3r1rk1/p2nq2p/1p1Nbbp1/2pB2B1/8/4Q3/PPP2PPP/3RR1K1 b - - 1 20,f6g5,-1,13,0,
3r1rk1/p2nq2p/1p1Nb1p1/2pB2b1/8/4Q3/PPP2PPP/3RR1K1 w - - 0 21,e3e6,1002,13,1,1001-1500
3r1rk1/p2nq2p/1p1NQ1p1/2pB2b1/8/8/PPP2PPP/3RR1K1 b - - 0 21,e7e6,-1,11,0,
3r1rk1/p2n3p/1p1Nq1p1/2pB2b1/8/8/PPP2PPP/3RR1K1 w - - 0 22,d5e6,1002,0,1,1001-1500
3r1rk1/p2n3p/1p1NB1p1/2p3b1/8/8/PPP2PPP/3RR1K1 b - - 0 22,g8g7,-1,23,1,
3r1r2/p2n2kp/1p1NB1p1/2p3b1/8/8/PPP2PPP/3RR1K1 w - - 1 23,e6d7,1002,2,1,1001-1500
3r1r2/p2B2kp/1p1N2p1/2p3b1/8/8/PPP2PPP/3RR1K1 b - - 0 23,d8d7,-1,24,0,
5r2/p2r2kp/1p1N2p1/2p3b1/8/8/PPP2PPP/3RR1K1 w - - 0 24,d6e8,1002,20,1,1001-1500
4Nr2/p2r2kp/1p4p1/2p3b1/8/8/PPP2PPP/3RR1K1 b - - 1 24,g7f7,-1,77,0,
4Nr2/p2r1k1p/1p4p1/2p3b1/8/8/PPP2PPP/3RR1K1 w - - 2 25,d1d7,1002,2,1,1001-1500
4Nr2/p2R1k1p/1p4p1/2p3b1/8/8/PPP2PPP/4R1K1 b - - 0 25,f7g8,-1,9,1,
4Nrk1/p2R3p/1p4p1/2p3b1/8/8/PPP2PPP/4R1K1 w - - 1 26,d7g7,1002,24,1,1001-1500
4Nrk1/p5Rp/1p4p1/2p3b1/8/8/PPP2PPP/4R1K1 b - - 2 26,g8h8,-1,22,0,
4Nr1k/p5Rp/1p4p1/2p3b1/8/8/PPP2PPP/4R1K1 w - - 3 27,g7d7,1002,8,1,1001-1500
4Nr1k/p2R3p/1p4p1/2p3b1/8/8/PPP2PPP/4R1K1 b - - 4 27,h8g8,-1,12,1,
4Nrk1/p2R3p/1p4p1/2p3b1/8/8/PPP2PPP/4R1K1 w - - 5 28,e8d6,1002,17,1,1001-1500
5rk1/p2R3p/1p1N2p1/2p3b1/8/8/PPP2PPP/4R1K1 b - - 6 28,b6b5,-1,9,1,
5rk1/p2R3p/3N2p1/1pp3b1/8/8/PPP2PPP/4R1K1 w - - 0 29,d6e4,1002,6,1,1001-1500
5rk1/p2R3p/6p1/1pp3b1/4N3/8/PPP2PPP/4R1K1 b - - 1 29,c5c4,-1,660,0,
5rk1/p2R3p/6p1/1p4b1/2p1N3/8/PPP2PPP/4R1K1 w - - 0 30,e4g5,1002,1211,1,1001-1500
5rk1/p2R3p/6p1/1p4N1/2p5/8/PPP2PPP/4R1K1 b - - 0 30,a7a5,-1,3473,0,
5rk1/3R3p/6p1/pp4N1/2p5/8/PPP2PPP/4R1K1 w - - 0 31,d7h7,1002,3,1,1001-1500
5rk1/7R/6p1/pp4N1/2p5/8/PPP2PPP/4R1K1 b - - 0 31,b5b4,-1,2,0,
5rk1/7R/6p1/p5N1/1pp5/8/PPP2PPP/4R1K1 w - - 0 32,e1e6,1002,0,1,1001-1500
5rk1/7R/4R1p1/p5N1/1pp5/8/PPP2PPP/6K1 b - - 1 32,c4c3,-1,3,0,
5rk1/7R/4R1p1/p5N1/1p6/2p5/PPP2PPP/6K1 w - - 0 33,e6g6,1002,0,1,1001-1500
rnbqkbnr/pppppppp/8/8/8/8/PPPPPPPP/RNBQKBNR w KQkq - 0 1,d2d4,1003,2,0,1001-1500
rnbqkbnr/pppppppp/8/8/3P4/8/PPP1PPPP/RNBQKBNR b KQkq - 0 1,d7d5,-1,8,0,
rnbqkbnr/ppp1pppp/8/3p4/3P4/8/PPP1PPPP/RNBQKBNR w KQkq - 0 2,c2c4,1003,3,0,1001-1500
rnbqkbnr/ppp1pppp/8/3p4/2PP4/8/PP2PPPP/RNBQKBNR b KQkq - 0 2,c7c6,-1,1,0,
rnbqkbnr/pp2pppp/2p5/3p4/2PP4/8/PP2PPPP/RNBQKBNR w KQkq - 0 3,e2e4,1003,84,0,1001-1500
rnbqkbnr/pp2pppp/2p5/3p4/2PPP3/8/PP3PPP/RNBQKBNR b KQkq - 0 3,e7e6,-1,104,0,
rnbqkbnr/pp3ppp/2p1p3/3p4/2PPP3/8/PP3PPP/RNBQKBNR w KQkq - 0 4,c4d5,1003,24,0,1001-1500
rnbqkbnr/pp3ppp/2p1p3/3P4/3PP3/8/PP3PPP/RNBQKBNR b KQkq - 0 4,e6d5,-1,7,0,
rnbqkbnr/pp3ppp/2p5/3p4/3PP3/8/PP3PPP/RNBQKBNR w KQkq - 0 5,e4e5,1003,7,0,1001-1500
rnbqkbnr/pp3ppp/2p5/3pP3/3P4/8/PP3PPP/RNBQKBNR b KQkq - 0 5,g8e7,-1,33,0,
rnbqkb1r/pp2nppp/2p5/3pP3/3P4/8/PP3PPP/RNBQKBNR w KQkq - 1 6,f1e2,1003,39,0,1001-1500
rnbqkb1r/pp2nppp/2p5/3pP3/3P4/8/PP2BPPP/RNBQK1NR b KQkq - 2 6,e7g6,-1,1,0,
rnbqkb1r/pp3ppp/2p3n1/3pP3/3P4/8/PP2BPPP/RNBQK1NR w KQkq - 3 7,g1f3,1003,29,0,1001-1500
rnbqkb1r/pp3ppp/2p3n1/3pP3/3P4/5N2/PP2BPPP/RNBQK2R b KQkq - 4 7,h7h6,-1,74,0,
rnbqkb1r/pp3pp1/2p3np/3pP3/3P4/5N2/PP2BPPP/RNBQK2R w KQkq - 0 8,c1d2,1003,53,0,1001-1500
rnbqkb1r/pp3pp1/2p3np/3pP3/3P4/5N2/PP1BBPPP/RN1QK2R b KQkq - 1 8,f8e7,-1,14,0,
rnbqk2r/pp2bpp1/2p3np/3pP3/3P4/5N2/PP1BBPPP/RN1QK2R w KQkq - 2 9,b1c3,1003,4,0,1001-1500
rnbqk2r/pp2bpp1/2p3np/3pP3/3P4/2N2N2/PP1BBPPP/R2QK2R b KQkq - 3 9,e8g8,-1,7,0,
rnbq1rk1/pp2bpp1/2p3np/3pP3/3P4/2N2N2/PP1BBPPP/R2QK2R w KQ - 4 10,e1g1,1003,26,0,1001-1500
rnbq1rk1/pp2bpp1/2p3np/3pP3/3P4/2N2N2/PP1BBPPP/R2Q1RK1 b - - 5 10,d8e8,-1,52,0,
rnb1qrk1/pp2bpp1/2p3np/3pP3/3P4/2N2N2/PP1BBPPP/R2Q1RK1 w - - 6 11,e2d3,1003,11,0,1001-1500
rnb1qrk1/pp2bpp1/2p3np/3pP3/3P4/2NB1N2/PP1B1PPP/R2Q1RK1 b - - 7 11,c8e6,-1,14,1,
rn2qrk1/pp2bpp1/2p1b1np/3pP3/3P4/2NB1N2/PP1B1PPP/R2Q1RK1 w - - 8 12,f1e1,1003,7,0,1001-1500
rn2qrk1/pp2bpp1/2p1b1np/3pP3/3P4/2NB1N2/PP1B1PPP/R2QR1K1 b - - 9 12,c6c5,-1,3,1,
rn2qrk1/pp2bpp1/4b1np/2ppP3/3P4/2NB1N2/PP1B1PPP/R2QR1K1 w - - 0 13,d4c5,1003,3,0,1001-1500
rn2qrk1/pp2bpp1/4b1np/2PpP3/8/2NB1N2/PP1B1PPP/R2QR1K1 b - - 0 13,e7c5,-1,1,1,
rn2qrk1/pp3pp1/4b1np/2bpP3/8/2NB1N2/PP1B1PPP/R2QR1K1 w - - 0 14,d3b5,1003,43,0,1001-1500
rn2qrk1/pp3pp1/4b1np/1BbpP3/8/2N2N2/PP1B1PPP/R2QR1K1 b - - 1 14,b8c6,-1,3,1,
r3qrk1/pp3pp1/2n1b1np/1BbpP3/8/2N2N2/PP1B1PPP/R2QR1K1 w - - 2 15,c3a4,1003,3,1,1001-1500
r3qrk1/pp3pp1/2n1b1np/1BbpP3/N7/5N2/PP1B1PPP/R2QR1K1 b - - 3 15,c5e7,-1,16,1,
r3qrk1/pp2bpp1/2n1b1np/1B1pP3/N7/5N2/PP1B1PPP/R2QR1K1 w - - 4 16,a1c1,1003,19,0,1001-1500
r3qrk1/pp2bpp1/2n1b1np/1B1pP3/N7/5N2/PP1B1PPP/2RQR1K1 b - - 5 16,a8c8,-1,8,1,
2r1qrk1/pp2bpp1/2n1b1np/1B1pP3/N7/5N2/PP1B1PPP/2RQR1K1 w - - 6 17,a4c5,1003,37,0,1001-1500
2r1qrk1/pp2bpp1/2n1b1np/1BNpP3/8/5N2/PP1B1PPP/2RQR1K1 b - - 7 17,e7c5,-1,5,1,
2r1qrk1/pp3pp1/2n1b1np/1BbpP3/8/5N2/PP1B1PPP/2RQR1K1 w - - 0 18,c1c5,1003,0,0,1001-1500
2r1qrk1/pp3pp1/2n1b1np/1BRpP3/8/5N2/PP1B1PPP/3QR1K1 b - - 0 18,a7a6,-1,98,0,
2r1qrk1/1p3pp1/p1n1b1np/1BRpP3/8/5N2/PP1B1PPP/3QR1K1 w - - 0 19,b5a4,1003,113,0,1001-1500
2r1qrk1/1p3pp1/p1n1b1np/2RpP3/B7/5N2/PP1B1PPP/3QR1K1 b - - 1 19,e8e7,-1,5,1,
2r2rk1/1p2qpp1/p1n1b1np/2RpP3/B7/5N2/PP1B1PPP/3QR1K1 w - - 2 20,d1c1,1003,225,0,1001-1500
2r2rk1/1p2qpp1/p1n1b1np/2RpP3/B7/5N2/PP1B1PPP/2Q1R1K1 b - - 3 20,c6e5,-1,6,0,
2r2rk1/1p2qpp1/p3b1np/2Rpn3/B7/5N2/PP1B1PPP/2Q1R1K1 w - - 0 21,f3e5,1003,9,0,1001-1500
2r2rk1/1p2qpp1/p3b1np/2RpN3/B7/8/PP1B1PPP/2Q1R1K1 b - - 0 21,c8c5,-1,15,0,
5rk1/1p2qpp1/p3b1np/2rpN3/B7/8/PP1B1PPP/2Q1R1K1 w - - 0 22,e5g6,1003,21,1,1001-1500
5rk1/1p2qpp1/p3b1Np/2rp4/B7/8/PP1B1PPP/2Q1R1K1 b - - 0 22,f7g6,-1,9,1,
5rk1/1p2q1p1/p3b1pp/2rp4/B7/8/PP1B1PPP/2Q1R1K1 w - - 0 23,c1b1,1003,95,0,1001-1500
5rk1/1p2q1p1/p3b1pp/2rp4/B7/8/PP1B1PPP/1Q2R1K1 b - - 1 23,e7f6,-1,4,1,
5rk1/1p4p1/p3bqpp/2rp4/B7/8/PP1B1PPP/1Q2R1K1 w - - 2 24,d2e3,1003,245,0,1001-1500
5rk1/1p4p1/p3bqpp/2rp4/B7/4B3/PP3PPP/1Q2R1K1 b - - 3 24,d5d4,-1,2,1,
5rk1/1p4p1/p3bqpp/2r5/B2p4/4B3/PP3PPP/1Q2R1K1 w - - 0 25,e3d2,1003,113,0,1001-1500
5rk1/1p4p1/p3bqpp/2r5/B2p4/8/PP1B1PPP/1Q2R1K1 b - - 1 25,f6f2,-1,83,1,
5rk1/1p4p1/p3b1pp/2r5/B2p4/8/PP1B1qPP/1Q2R1K1 w - - 0 26,g1h1,1003,18,0,1001-1500
5rk1/1p4p1/p3b1pp/2r5/B2p4/8/PP1B1qPP/1Q2R2K b - - 1 26,f2d2,-1,84,1,
5rk1/1p4p1/p3b1pp/2r5/B2p4/8/PP1q2PP/1Q2R2K w - - 0 27,e1e6,1003,772,0,1001-1500
5rk1/1p4p1/p3R1pp/2r5/B2p4/8/PP1q2PP/1Q5K b - - 0 27,c5c1,-1,0,1,
5rk1/1p4p1/p3R1pp/8/B2p4/8/PP1q2PP/1Qr4K w - - 1 28,b1c1,1003,0,0,1001-1500
5rk1/1p4p1/p3R1pp/8/B2p4/8/PP1q2PP/2Q4K b - - 0 28,d2c1,-1,0,1,
5rk1/1p4p1/p3R1pp/8/B2p4/8/PP4PP/2q4K w - - 0 29,a4d1,1003,0,0,1001-1500
5rk1/1p4p1/p3R1pp/8/3p4/8/PP4PP/2qB3K b - - 1 29,f8f1,-1,0,1,
rnbqkbnr/pppppppp/8/8/8/8/PPPPPPPP/RNBQKBNR w KQkq - 0 1,e2e4,1003,4,0,1001-1500
rnbqkbnr/pppppppp/8/8/4P3/8/PPPP1PPP/RNBQKBNR b KQkq - 0 1,e7e5,-1,11,0,
rnbqkbnr/pppp1ppp/8/4p3/4P3/8/PPPP1PPP/RNBQKBNR w KQkq - 0 2,g1f3,1003,6,0,1001-1500
rnbqkbnr/pppp1ppp/8/4p3/4P3/5N2/PPPP1PPP/RNBQKB1R b KQkq - 1 2,b8c6,-1,11,0,
r1bqkbnr/pppp1ppp/2n5/4p3/4P3/5N2/PPPP1PPP/RNBQKB1R w KQkq - 2 3,f1c4,1003,16,0,1001-1500
r1bqkbnr/pppp1ppp/2n5/4p3/2B1P3/5N2/PPPP1PPP/RNBQK2R b KQkq - 3 3,c6a5,-1,71,0,
r1bqkbnr/pppp1ppp/8/n3p3/2B1P3/5N2/PPPP1PPP/RNBQK2R w KQkq - 4 4,d2d4,1003,380,0,1001-1500
r1bqkbnr/pppp1ppp/8/n3p3/2BPP3/5N2/PPP2PPP/RNBQK2R b KQkq - 0 4,a5c4,-1,0,0,
r1bqkbnr/pppp1ppp/8/4p3/2nPP3/5N2/PPP2PPP/RNBQK2R w KQkq - 0 5,e1g1,1003,11,0,1001-1500
r1bqkbnr/pppp1ppp/8/4p3/2nPP3/5N2/PPP2PPP/RNBQ1RK1 b kq - 1 5,e5d4,-1,22,0,
r1bqkbnr/pppp1ppp/8/8/2npP3/5N2/PPP2PPP/RNBQ1RK1 w kq - 0 6,d1d4,1003,12,0,1001-1500
r1bqkbnr/pppp1ppp/8/8/2nQP3/5N2/PPP2PPP/RNB2RK1 b kq - 0 6,c4d6,-1,98,0,
r1bqkbnr/pppp1ppp/3n4/8/3QP3/5N2/PPP2PPP/RNB2RK1 w kq - 1 7,e4e5,1003,93,0,1001-1500
r1bqkbnr/pppp1ppp/3n4/4P3/3Q4/5N2/PPP2PPP/RNB2RK1 b kq - 0 7,d6f5,-1,61,0,
r1bqkbnr/pppp1ppp/8/4Pn2/3Q4/5N2/PPP2PPP/RNB2RK1 w kq - 1 8,d4e4,1003,27,0,1001-1500
r1bqkbnr/pppp1ppp/8/4Pn2/4Q3/5N2/PPP2PPP/RNB2RK1 b kq - 2 8,d7d6,-1,73,0,
r1bqkbnr/ppp2ppp/3p4/4Pn2/4Q3/5N2/PPP2PPP/RNB2RK1 w kq - 0 9,e5d6,1003,78,0,1001-1500
r1bqkbnr/ppp2ppp/3P4/5n2/4Q3/5N2/PPP2PPP/RNB2RK1 b kq - 0 9,g8e7,-1,346,0,
r1bqkb1r/ppp1nppp/3P4/5n2/4Q3/5N2/PPP2PPP/RNB2RK1 w kq - 1 10,d6e7,1003,5,0,1001-1500
r1bqkb1r/ppp1Pppp/8/5n2/4Q3/5N2/PPP2PPP/RNB2RK1 b kq - 0 10,f5e7,-1,253,0,
r1bqkb1r/ppp1nppp/8/8/4Q3/5N2/PPP2PPP/RNB2RK1 w kq - 0 11,c1g5,1003,192,0,1001-1500
r1bqkb1r/ppp1nppp/8/6B1/4Q3/5N2/PPP2PPP/RN3RK1 b kq - 1 11,d8d5,-1,12,1,
r1b1kb1r/ppp1nppp/8/3q2B1/4Q3/5N2/PPP2PPP/RN3RK1 w kq - 2 12,e4d5,1003,45,0,1001-1500
r1b1kb1r/ppp1nppp/8/3Q2B1/8/5N2/PPP2PPP/RN3RK1 b kq - 0 12,e7d5,-1,4,1,
r1b1kb1r/ppp2ppp/8/3n2B1/8/5N2/PPP2PPP/RN3RK1 w kq - 0 13,f1e1,1003,16,0,1001-1500
r1b1kb1r/ppp2ppp/8/3n2B1/8/5N2/PPP2PPP/RN2R1K1 b kq - 1 13,c8e6,-1,2,0,
r3kb1r/ppp2ppp/4b3/3n2B1/8/5N2/PPP2PPP/RN2R1K1 w kq - 2 14,b1c3,1003,128,0,1001-1500
r3kb1r/ppp2ppp/4b3/3n2B1/8/2N2N2/PPP2PPP/R3R1K1 b kq - 3 14,d5c3,-1,7,1,
r3kb1r/ppp2ppp/4b3/6B1/8/2n2N2/PPP2PPP/R3R1K1 w kq - 0 15,b2c3,1003,26,1,1001-1500
r3kb1r/ppp2ppp/4b3/6B1/8/2P2N2/P1P2PPP/R3R1K1 b kq - 0 15,f8e7,-1,76,0,
r3k2r/ppp1bppp/4b3/6B1/8/2P2N2/P1P2PPP/R3R1K1 w kq - 1 16,g5e7,1003,13,0,1001-1500
r3k2r/ppp1Bppp/4b3/8/8/2P2N2/P1P2PPP/R3R1K1 b kq - 0 16,e8e7,-1,0,1,
r6r/ppp1kppp/4b3/8/8/2P2N2/P1P2PPP/R3R1K1 w - - 0 17,f3g5,1003,14,0,1001-1500
r6r/ppp1kppp/4b3/6N1/8/2P5/P1P2PPP/R3R1K1 b - - 1 17,a8d8,-1,2,0,
3r3r/ppp1kppp/4b3/6N1/8/2P5/P1P2PPP/R3R1K1 w - - 2 18,a1d1,1003,193,0,1001-1500
3r3r/ppp1kppp/4b3/6N1/8/2P5/P1P2PPP/3RR1K1 b - - 3 18,d8d1,-1,17,0,
7r/ppp1kppp/4b3/6N1/8/2P5/P1P2PPP/3rR1K1 w - - 0 19,e1d1,1003,6,0,1001-1500
7r/ppp1kppp/4b3/6N1/8/2P5/P1P2PPP/3R2K1 b - - 0 19,e6a2,-1,32,0,
7r/ppp1kppp/8/6N1/8/2P5/b1P2PPP/3R2K1 w - - 0 20,d1e1,1003,6,0,1001-1500
7r/ppp1kppp/8/6N1/8/2P5/b1P2PPP/4R1K1 b - - 1 20,e7f6,-1,55,0,
7r/ppp2ppp/5k2/6N1/8/2P5/b1P2PPP/4R1K1 w - - 2 21,g5e4,1003,4,0,1001-1500
7r/ppp2ppp/5k2/8/4N3/2P5/b1P2PPP/4R1K1 b - - 3 21,f6f5,-1,168,0,
7r/ppp2ppp/8/5k2/4N3/2P5/b1P2PPP/4R1K1 w - - 4 22,e4g3,1003,3,0,1001-1500
7r/ppp2ppp/8/5k2/8/2P3N1/b1P2PPP/4R1K1 b - - 5 22,f5g6,-1,8,1,
7r/ppp2ppp/6k1/8/8/2P3N1/b1P2PPP/4R1K1 w - - 6 23,e1a1,1003,2,1,1001-1500
7r/ppp2ppp/6k1/8/8/2P3N1/b1P2PPP/R5K1 b - - 7 23,a2c4,-1,2,0,
7r/ppp2ppp/6k1/8/2b5/2P3N1/2P2PPP/R5K1 w - - 8 24,a1a7,1003,21,1,1001-1500
7r/Rpp2ppp/6k1/8/2b5/2P3N1/2P2PPP/6K1 b - - 0 24,h8d8,-1,26,0,
3r4/Rpp2ppp/6k1/8/2b5/2P3N1/2P2PPP/6K1 w - - 1 25,h2h4,1003,8,1,1001-1500
3r4/Rpp2ppp/6k1/8/2b4P/2P3N1/2P2PP1/6K1 b - - 0 25,d8d1,-1,9,1,
8/Rpp2ppp/6k1/8/2b4P/2P3N1/2P2PP1/3r2K1 w - - 1 26,g1h2,1003,9,0,1001-1500
8/Rpp2ppp/6k1/8/2b4P/2P3N1/2P2PPK/3r4 b - - 2 26,d1d2,-1,44,0,
8/Rpp2ppp/6k1/8/2b4P/2P3N1/2Pr1PPK/8 w - - 3 27,a7b7,1003,12,0,1001-1500
8/1Rp2ppp/6k1/8/2b4P/2P3N1/2Pr1PPK/8 b - - 0 27,c4d5,-1,2,1,
8/1Rp2ppp/6k1/3b4/7P/2P3N1/2Pr1PPK/8 w - - 1 28,b7c7,1003,96,0,1001-1500
8/2R2ppp/6k1/3b4/7P/2P3N1/2Pr1PPK/8 b - - 0 28,d2c2,-1,177,0,
8/2R2ppp/6k1/3b4/7P/2P3N1/2r2PPK/8 w - - 0 29,h4h5,1003,61,0,1001-1500
8/2R2ppp/6k1/3b3P/8/2P3N1/2r2PPK/8 b - - 0 29,g6g5,-1,448,0,
8/2R2ppp/8/3b2kP/8/2P3N1/2r2PPK/8 w - - 1 30,c7c5,1003,6,0,1001-1500
8/5ppp/8/2Rb2kP/8/2P3N1/2r2PPK/8 b - - 2 30,c2f2,-1,93,0,
8/5ppp/8/2Rb2kP/8/2P3N1/5rPK/8 w - - 0 31,g3e4,1003,4,1,1001-1500
8/5ppp/8/2Rb2kP/4N3/2P5/5rPK/8 b - - 1 31,g5f4,-1,35,0,
8/5ppp/8/2Rb3P/4Nk2/2P5/5rPK/8 w - - 2 32,e4f2,1003,14,0,1001-1500
8/5ppp/8/2Rb3P/5k2/2P5/5NPK/8 b - - 0 32,f4e3,-1,183,0,
8/5ppp/8/2Rb3P/8/2P1k3/5NPK/8 w - - 1 33,c5d5,1003,3,0,1001-1500
8/5ppp/8/3R3P/8/2P1k3/5NPK/8 b - - 0 33,e3f4,-1,322,1,
8/5ppp/8/3R3P/5k2/2P5/5NPK/8 w - - 1 34,g2g3,1003,109,1,1001-1500
8/5ppp/8/3R3P/5k2/2P3P1/5N1K/8 b - - 0 34,f4f3,-1,8,0,
8/5ppp/8/3R3P/8/2P2kP1/5N1K/8 w - - 1 35,d5f5,1003,54,0,1001-1500
8/5ppp/8/5R1P/8/2P2kP1/5N1K/8 b - - 2 35,f3e3,-1,11,0,
8/5ppp/8/5R1P/8/2P1k1P1/5N1K/8 w - - 3 36,f5f7,1003,262,0,1001-1500
8/5Rpp/8/7P/8/2P1k1P1/5N1K/8 b - - 0 36,g7g6,-1,443,0,
8/5R1p/6p1/7P/8/2P1k1P1/5N1K/8 w - - 0 37,h5g6,1003,367,0,1001-1500
8/5R1p/6P1/8/8/2P1k1P1/5N1K/8 b - - 0 37,h7g6,-1,236,0,
8/5R2/6p1/8/8/2P1k1P1/5N1K/8 w - - 0 38,f7f6,1003,59,1,1001-1500
8/8/5Rp1/8/8/2P1k1P1/5N1K/8 b - - 1 38,g6g5,-1,28,1,
8/8/5R2/6p1/8/2P1k1P1/5N1K/8 w - - 0 39,c3c4,1003,3,0,1001-1500
8/8/5R2/6p1/2P5/4k1P1/5N1K/8 b - - 0 39,e3d4,-1,30,1,
8/8/5R2/6p1/2Pk4/6P1/5N1K/8 w - - 1 40,f6f5,1003,45,1,1001-1500
8/8/8/5Rp1/2Pk4/6P1/5N1K/8 b - - 2 40,d4c4,-1,24,1,
8/8/8/5Rp1/2k5/6P1/5N1K/8 w - - 0 41,f5g5,1003,4106,0,1001-1500
8/8/8/6R1/2k5/6P1/5N1K/8 b - - 0 41,c4d4,-1,4166,0,
8/8/8/6R1/3k4/6P1/5N1K/8 w - - 1 42,g3g4,1003,2,1,1001-1500
8/8/8/6R1/3k2P1/8/5N1K/8 b - - 0 42,d4e3,-1,1,0,
8/8/8/6R1/6P1/4k3/5N1K/8 w - - 1 43,g5f5,1003,4,0,1001-1500
8/8/8/5R2/6P1/4k3/5N1K/8 b - - 2 43,e3d4,-1,2,0,
8/8/8/5R2/3k2P1/8/5N1K/8 w - - 3 44,g4g5,1003,0,1,1001-1500
8/8/8/5RP1/3k4/8/5N1K/8 b - - 0 44,d4e3,-1,1,0,
8/8/8/5RP1/8/4k3/5N1K/8 w - - 1 45,g5g6,1003,0,0,1001-1500
8/8/6P1/5R2/8/4k3/5N1K/8 b - - 0 45,e3d4,-1,3,0,
8/8/6P1/5R2/3k4/8/5N1K/8 w - - 1 46,g6g7,1003,0,0,1001-1500
8/6P1/8/5R2/3k4/8/5N1K/8 b - - 0 46,d4e3,-1,3,0,
8/6P1/8/5R2/8/4k3/5N1K/8 w - - 1 47,g7g8q,1003,1,0,1001-1500
6Q1/8/8/5R2/8/4k3/5N1K/8 b - - 0 47,e3d2,-1,1,1,
6Q1/8/8/5R2/8/8/3k1N1K/8 w - - 1 48,g8e8,1003,2,0,1001-1500
4Q3/8/8/5R2/8/8/3k1N1K/8 b - - 2 48,d2c3,-1,0,0,
4Q3/8/8/5R2/8/2k5/5N1K/8 w - - 3 49,f5d5,1003,0,0,1001-1500
4Q3/8/8/3R4/8/2k5/5N1K/8 b - - 4 49,c3c4,-1,0,0,
4Q3/8/8/3R4/2k5/8/5N1K/8 w - - 5 50,e8c6,1003,0,0,1001-1500
8/8/2Q5/3R4/2k5/8/5N1K/8 b - - 6 50,c4b3,-1,0,1,
8/8/2Q5/3R4/8/1k6/5N1K/8 w - - 7 51,d5b5,1003,0,1,1001-1500
8/8/2Q5/1R6/8/1k6/5N1K/8 b - - 8 51,b3a4,-1,0,1,
8/8/2Q5/1R6/k7/8/5N1K/8 w - - 9 52,c6a6,1003,0,0,1001-1500
rnbqkbnr/pppppppp/8/8/8/8/PPPPPPPP/RNBQKBNR w KQkq - 0 1,d2d4,1003,2,0,1001-1500
rnbqkbnr/pppppppp/8/8/3P4/8/PPP1PPPP/RNBQKBNR b KQkq - 0 1,e7e5,-1,76,0,
rnbqkbnr/pppp1ppp/8/4p3/3P4/8/PPP1PPPP/RNBQKBNR w KQkq - 0 2,d4e5,1003,3,0,1001-1500
rnbqkbnr/pppp1ppp/8/4P3/8/8/PPP1PPPP/RNBQKBNR b KQkq - 0 2,f7f6,-1,5,0,
rnbqkbnr/pppp2pp/5p2/4P3/8/8/PPP1PPPP/RNBQKBNR w KQkq - 0 3,e5f6,1003,28,0,1001-1500
rnbqkbnr/pppp2pp/5P2/8/8/8/PPP1PPPP/RNBQKBNR b KQkq - 0 3,g8f6,-1,12,0,
rnbqkb1r/pppp2pp/5n2/8/8/8/PPP1PPPP/RNBQKBNR w KQkq - 0 4,b1c3,1003,17,0,1001-1500
rnbqkb1r/pppp2pp/5n2/8/8/2N5/PPP1PPPP/R1BQKBNR b KQkq - 1 4,g7g6,-1,116,0,
rnbqkb1r/pppp3p/5np1/8/8/2N5/PPP1PPPP/R1BQKBNR w KQkq - 0 5,e2e4,1003,17,0,1001-1500
rnbqkb1r/pppp3p/5np1/8/4P3/2N5/PPP2PPP/R1BQKBNR b KQkq - 0 5,f8g7,-1,123,0,
rnbqk2r/pppp2bp/5np1/8/4P3/2N5/PPP2PPP/R1BQKBNR w KQkq - 1 6,f1d3,1003,184,0,1001-1500
rnbqk2r/pppp2bp/5np1/8/4P3/2NB4/PPP2PPP/R1BQK1NR b KQkq - 2 6,e8g8,-1,3,0,
rnbq1rk1/pppp2bp/5np1/8/4P3/2NB4/PPP2PPP/R1BQK1NR w KQ - 3 7,g1f3,1003,0,0,1001-1500
rnbq1rk1/pppp2bp/5np1/8/4P3/2NB1N2/PPP2PPP/R1BQK2R b KQ - 4 7,d7d5,-1,42,0,
rnbq1rk1/ppp3bp/5np1/3p4/4P3/2NB1N2/PPP2PPP/R1BQK2R w KQ - 0 8,e4d5,1003,12,0,1001-1500
rnbq1rk1/ppp3bp/5np1/3P4/8/2NB1N2/PPP2PPP/R1BQK2R b KQ - 0 8,f6d5,-1,72,0,
rnbq1rk1/ppp3bp/6p1/3n4/8/2NB1N2/PPP2PPP/R1BQK2R w KQ - 0 9,c3d5,1003,128,0,1001-1500
rnbq1rk1/ppp3bp/6p1/3N4/8/3B1N2/PPP2PPP/R1BQK2R b KQ - 0 9,d8d5,-1,0,0,
rnb2rk1/ppp3bp/6p1/3q4/8/3B1N2/PPP2PPP/R1BQK2R w KQ - 0 10,e1g1,1003,5,0,1001-1500
rnb2rk1/ppp3bp/6p1/3q4/8/3B1N2/PPP2PPP/R1BQ1RK1 b - - 1 10,c8g4,-1,14,0,
rn3rk1/ppp3bp/6p1/3q4/6b1/3B1N2/PPP2PPP/R1BQ1RK1 w - - 2 11,d3e2,1003,0,0,1001-1500
rn3rk1/ppp3bp/6p1/3q4/6b1/5N2/PPP1BPPP/R1BQ1RK1 b - - 3 11,d5d1,-1,10,0,
rn3rk1/ppp3bp/6p1/8/6b1/5N2/PPP1BPPP/R1Bq1RK1 w - - 0 12,f1d1,1003,10,0,1001-1500
rn3rk1/ppp3bp/6p1/8/6b1/5N2/PPP1BPPP/R1BR2K1 b - - 0 12,b8c6,-1,32,0,
r4rk1/ppp3bp/2n3p1/8/6b1/5N2/PPP1BPPP/R1BR2K1 w - - 1 13,g1f1,1003,17,1,1001-1500
r4rk1/ppp3bp/2n3p1/8/6b1/5N2/PPP1BPPP/R1BR1K2 b - - 2 13,h7h6,-1,16,1,
r4rk1/ppp3b1/2n3pp/8/6b1/5N2/PPP1BPPP/R1BR1K2 w - - 0 14,h2h3,1003,0,0,1001-1500
r4rk1/ppp3b1/2n3pp/8/6b1/5N1P/PPP1BPP1/R1BR1K2 b - - 0 14,g4f3,-1,122,0,
r4rk1/ppp3b1/2n3pp/8/8/5b1P/PPP1BPP1/R1BR1K2 w - - 0 15,e2f3,1003,0,0,1001-1500
r4rk1/ppp3b1/2n3pp/8/8/5B1P/PPP2PP1/R1BR1K2 b - - 0 15,c6d4,-1,75,0,
r4rk1/ppp3b1/6pp/8/3n4/5B1P/PPP2PP1/R1BR1K2 w - - 1 16,f3b7,1003,14,1,1001-1500
r4rk1/pBp3b1/6pp/8/3n4/7P/PPP2PP1/R1BR1K2 b - - 0 16,a8e8,-1,6,1,
4rrk1/pBp3b1/6pp/8/3n4/7P/PPP2PP1/R1BR1K2 w - - 1 17,b7d5,1003,15,0,1001-1500
4rrk1/p1p3b1/6pp/3B4/3n4/7P/PPP2PP1/R1BR1K2 b - - 2 17,g8h8,-1,4,0,
4rr1k/p1p3b1/6pp/3B4/3n4/7P/PPP2PP1/R1BR1K2 w - - 3 18,c2c3,1003,10,0,1001-1500
4rr1k/p1p3b1/6pp/3B4/3n4/2P4P/PP3PP1/R1BR1K2 b - - 0 18,d4c2,-1,22,0,
4rr1k/p1p3b1/6pp/3B4/8/2P4P/PPn2PP1/R1BR1K2 w - - 1 19,a1b1,1003,9,0,1001-1500
4rr1k/p1p3b1/6pp/3B4/8/2P4P/PPn2PP1/1RBR1K2 b - - 2 19,c2e3,-1,17,1,
4rr1k/p1p3b1/6pp/3B4/8/2P1n2P/PP3PP1/1RBR1K2 w - - 3 20,c1e3,1003,4,0,1001-1500
4rr1k/p1p3b1/6pp/3B4/8/2P1B2P/PP3PP1/1R1R1K2 b - - 0 20,e8e3,-1,1,0,
5r1k/p1p3b1/6pp/3B4/8/2P1r2P/PP3PP1/1R1R1K2 w - - 0 21,d1e1,1003,15,0,1001-1500
5r1k/p1p3b1/6pp/3B4/8/2P1r2P/PP3PP1/1R2RK2 b - - 1 21,e3d3,-1,35,1,
5r1k/p1p3b1/6pp/3B4/8/2Pr3P/PP3PP1/1R2RK2 w - - 2 22,d5e4,1003,3,0,1001-1500
5r1k/p1p3b1/6pp/8/4B3/2Pr3P/PP3PP1/1R2RK2 b - - 3 22,d3d2,-1,4,1,
5r1k/p1p3b1/6pp/8/4B3/2P4P/PP1r1PP1/1R2RK2 w - - 4 23,e4g6,1003,776,0,1001-1500
5r1k/p1p3b1/6Bp/8/8/2P4P/PP1r1PP1/1R2RK2 b - - 0 23,f8f2,-1,28,1,
7k/p1p3b1/6Bp/8/8/2P4P/PP1r1rP1/1R2RK2 w - - 0 24,f1g1,1003,17,0,1001-1500
7k/p1p3b1/6Bp/8/8/2P4P/PP1r1rP1/1R2R1K1 b - - 1 24,f2g2,-1,7,0,
7k/p1p3b1/6Bp/8/8/2P4P/PP1r2r1/1R2R1K1 w - - 0 25,g1h1,1003,7,1,1001-1500
7k/p1p3b1/6Bp/8/8/2P4P/PP1r2r1/1R2R2K b - - 1 25,g2h2,-1,31,1,
7k/p1p3b1/6Bp/8/8/2P4P/PP1r3r/1R2R2K w - - 2 26,h1g1,1003,2,0,1001-1500
7k/p1p3b1/6Bp/8/8/2P4P/PP1r3r/1R2R1K1 b - - 3 26,d2g2,-1,2,0,
7k/p1p3b1/6Bp/8/8/2P4P/PP4rr/1R2R1K1 w - - 4 27,g1f1,1003,22,0,1001-1500
7k/p1p3b1/6Bp/8/8/2P4P/PP4rr/1R2RK2 b - - 5 27,g2g6,-1,43,0,
7k/p1p3b1/6rp/8/8/2P4P/PP5r/1R2RK2 w - - 0 28,e1e8,1003,2,0,1001-1500
4R2k/p1p3b1/6rp/8/8/2P4P/PP5r/1R3K2 b - - 1 28,h8h7,-1,18,0,
4R3/p1p3bk/6rp/8/8/2P4P/PP5r/1R3K2 w - - 2 29,b1e1,1003,1,0,1001-1500
4R3/p1p3bk/6rp/8/8/2P4P/PP5r/4RK2 b - - 3 29,g6f6,-1,19,1,
4R3/p1p3bk/5r1p/8/8/2P4P/PP5r/4RK2 w - - 4 30,f1g1,1003,4,1,1001-1500
4R3/p1p3bk/5r1p/8/8/2P4P/PP5r/4R1K1 b - - 5 30,h2h3,-1,35,0,
4R3/p1p3bk/5r1p/8/8/2P4r/PP6/4R1K1 w - - 0 31,e1e7,1003,4,1,1001-1500
4R3/p1p1R1bk/5r1p/8/8/2P4r/PP6/6K1 b - - 1 31,f6g6,-1,2,1,
4R3/p1p1R1bk/6rp/8/8/2P4r/PP6/6K1 w - - 2 32,g1f2,1003,2,0,1001-1500
4R3/p1p1R1bk/6rp/8/8/2P4r/PP3K2/8 b - - 3 32,h3h2,-1,19,0,
4R3/p1p1R1bk/6rp/8/8/2P5/PP3K1r/8 w - - 4 33,f2f1,1003,12,1,1001-1500
4R3/p1p1R1bk/6rp/8/8/2P5/PP5r/5K2 b - - 5 33,g6d6,-1,24,1,
4R3/p1p1R1bk/3r3p/8/8/2P5/PP5r/5K2 w - - 6 34,f1g1,1003,41,0,1001-1500
4R3/p1p1R1bk/3r3p/8/8/2P5/PP5r/6K1 b - - 7 34,h2b2,-1,1,0,
4R3/p1p1R1bk/3r3p/8/8/2P5/Pr6/6K1 w - - 0 35,e7c7,1003,573,0,1001-1500
4R3/p1R3bk/3r3p/8/8/2P5/Pr6/6K1 b - - 0 35,d6d1,-1,0,0,
4R3/p1R3bk/7p/8/8/2P5/Pr6/3r2K1 w - - 1 36,e8e1,1003,0,1,1001-1500
8/p1R3bk/7p/8/8/2P5/Pr6/3rR1K1 b - - 2 36,d1e1,-1,0,0,
rnbqkbnr/pppppppp/8/8/8/8/PPPPPPPP/RNBQKBNR w KQkq - 0 1,e2e4,1003,4,0,1001-1500
rnbqkbnr/pppppppp/8/8/4P3/8/PPPP1PPP/RNBQKBNR b KQkq - 0 1,c7c6,-1,12,0,
rnbqkbnr/pp1ppppp/2p5/8/4P3/8/PPPP1PPP/RNBQKBNR w KQkq - 0 2,g1f3,1003,1,0,1001-1500
rnbqkbnr/pp1ppppp/2p5/8/4P3/5N2/PPPP1PPP/RNBQKB1R b KQkq - 1 2,d7d5,-1,6,0,
rnbqkbnr/pp2pppp/2p5/3p4/4P3/5N2/PPPP1PPP/RNBQKB1R w KQkq - 0 3,e4e5,1003,6,0,1001-1500
rnbqkbnr/pp2pppp/2p5/3pP3/8/5N2/PPPP1PPP/RNBQKB1R b KQkq - 0 3,e7e6,-1,37,0,
rnbqkbnr/pp3ppp/2p1p3/3pP3/8/5N2/PPPP1PPP/RNBQKB1R w KQkq - 0 4,d2d4,1003,2,0,1001-1500
rnbqkbnr/pp3ppp/2p1p3/3pP3/3P4/5N2/PPP2PPP/RNBQKB1R b KQkq - 0 4,c6c5,-1,3,0,
rnbqkbnr/pp3ppp/4p3/2ppP3/3P4/5N2/PPP2PPP/RNBQKB1R w KQkq - 0 5,f3g5,1003,122,0,1001-1500
rnbqkbnr/pp3ppp/4p3/2ppP1N1/3P4/8/PPP2PPP/RNBQKB1R b KQkq - 1 5,b8c6,-1,35,0,
r1bqkbnr/pp3ppp/2n1p3/2ppP1N1/3P4/8/PPP2PPP/RNBQKB1R w KQkq - 2 6,f1b5,1003,45,0,1001-1500
r1bqkbnr/pp3ppp/2n1p3/1BppP1N1/3P4/8/PPP2PPP/RNBQK2R b KQkq - 3 6,f8e7,-1,52,0,
r1bqk1nr/pp2bppp/2n1p3/1BppP1N1/3P4/8/PPP2PPP/RNBQK2R w KQkq - 4 7,b5c6,1003,70,0,1001-1500
r1bqk1nr/pp2bppp/2B1p3/2ppP1N1/3P4/8/PPP2PPP/RNBQK2R b KQkq - 0 7,b7c6,-1,12,0,
r1bqk1nr/p3bppp/2p1p3/2ppP1N1/3P4/8/PPP2PPP/RNBQK2R w KQkq - 0 8,d1f3,1003,320,0,1001-1500
r1bqk1nr/p3bppp/2p1p3/2ppP1N1/3P4/5Q2/PPP2PPP/RNB1K2R b KQkq - 1 8,e7g5,-1,21,0,
r1bqk1nr/p4ppp/2p1p3/2ppP1b1/3P4/5Q2/PPP2PPP/RNB1K2R w KQkq - 0 9,c1g5,1003,26,0,1001-1500
r1bqk1nr/p4ppp/2p1p3/2ppP1B1/3P4/5Q2/PPP2PPP/RN2K2R b KQkq - 0 9,d8g5,-1,20,0,
r1b1k1nr/p4ppp/2p1p3/2ppP1q1/3P4/5Q2/PPP2PPP/RN2K2R w KQkq - 0 10,d4c5,1003,161,0,1001-1500
r1b1k1nr/p4ppp/2p1p3/2PpP1q1/8/5Q2/PPP2PPP/RN2K2R b KQkq - 0 10,g5c1,-1,17,0,
r1b1k1nr/p4ppp/2p1p3/2PpP3/8/5Q2/PPP2PPP/RNq1K2R w KQkq - 1 11,f3d1,1003,1,1,1001-1500
r1b1k1nr/p4ppp/2p1p3/2PpP3/8/8/PPP2PPP/RNqQK2R b KQkq - 2 11,c1b2,-1,23,1,
r1b1k1nr/p4ppp/2p1p3/2PpP3/8/8/PqP2PPP/RN1QK2R w KQkq - 0 12,b1d2,1003,1,1,1001-1500
r1b1k1nr/p4ppp/2p1p3/2PpP3/8/8/PqPN1PPP/R2QK2R b KQkq - 1 12,b2e5,-1,11,1,
r1b1k1nr/p4ppp/2p1p3/2Ppq3/8/8/P1PN1PPP/R2QK2R w KQkq - 0 13,e1f1,1003,7,1,1001-1500
r1b1k1nr/p4ppp/2p1p3/2Ppq3/8/8/P1PN1PPP/R2Q1K1R b kq - 1 13,e5c7,-1,1,1,
r1b1k1nr/p1q2ppp/2p1p3/2Pp4/8/8/P1PN1PPP/R2Q1K1R w kq - 2 14,d1g4,1003,23,1,1001-1500
r1b1k1nr/p1q2ppp/2p1p3/2Pp4/6Q1/8/P1PN1PPP/R4K1R b kq - 3 14,f7f6,-1,1,1,
r1b1k1nr/p1q3pp/2p1pp2/2Pp4/6Q1/8/P1PN1PPP/R4K1R w kq - 0 15,g4h5,1003,38,1,1001-1500
r1b1k1nr/p1q3pp/2p1pp2/2Pp3Q/8/8/P1PN1PPP/R4K1R b kq - 1 15,e8f8,-1,8,1,
r1b2knr/p1q3pp/2p1pp2/2Pp3Q/8/8/P1PN1PPP/R4K1R w - - 2 16,a1b1,1003,3,1,1001-1500
r1b2knr/p1q3pp/2p1pp2/2Pp3Q/8/8/P1PN1PPP/1R3K1R b - - 3 16,g7g6,-1,8,1,
r1b2knr/p1q4p/2p1ppp1/2Pp3Q/8/8/P1PN1PPP/1R3K1R w - - 0 17,h5f3,1003,17,1,1001-1500
r1b2knr/p1q4p/2p1ppp1/2Pp4/8/5Q2/P1PN1PPP/1R3K1R b - - 1 17,h7h5,-1,9,1,
r1b2knr/p1q5/2p1ppp1/2Pp3p/8/5Q2/P1PN1PPP/1R3K1R w - - 0 18,c2c4,1003,9,1,1001-1500
r1b2knr/p1q5/2p1ppp1/2Pp3p/2P5/5Q2/P2N1PPP/1R3K1R b - - 0 18,g6g5,-1,14,1,
r1b2knr/p1q5/2p1pp2/2Pp2pp/2P5/5Q2/P2N1PPP/1R3K1R w - - 0 19,h2h4,1003,4,1,1001-1500
r1b2knr/p1q5/2p1pp2/2Pp2pp/2P4P/5Q2/P2N1PP1/1R3K1R b - - 0 19,g5g4,-1,9,1,
r1b2knr/p1q5/2p1pp2/2Pp3p/2P3pP/5Q2/P2N1PP1/1R3K1R w - - 0 20,f3a3,1003,1,1,1001-1500
r1b2knr/p1q5/2p1pp2/2Pp3p/2P3pP/Q7/P2N1PP1/1R3K1R b - - 1 20,e6e5,-1,12,1,
r1b2knr/p1q5/2p2p2/2Ppp2p/2P3pP/Q7/P2N1PP1/1R3K1R w - - 0 21,c4d5,1003,6,1,1001-1500
r1b2knr/p1q5/2p2p2/2PPp2p/6pP/Q7/P2N1PP1/1R3K1R b - - 0 21,c6d5,-1,11,1,
r1b2knr/p1q5/5p2/2Ppp2p/6pP/Q7/P2N1PP1/1R3K1R w - - 0 22,f1g1,1003,4,1,1001-1500
r1b2knr/p1q5/5p2/2Ppp2p/6pP/Q7/P2N1PP1/1R4KR b - - 1 22,c8f5,-1,8,1,
r4knr/p1q5/5p2/2Pppb1p/6pP/Q7/P2N1PP1/1R4KR w - - 2 23,b1b3,1003,3,1,1001-1500
r4knr/p1q5/5p2/2Pppb1p/6pP/QR6/P2N1PP1/6KR b - - 3 23,f8f7,-1,11,1,
r5nr/p1q2k2/5p2/2Pppb1p/6pP/QR6/P2N1PP1/6KR w - - 4 24,g1h2,1003,4,1,1001-1500
r5nr/p1q2k2/5p2/2Pppb1p/6pP/QR6/P2N1PPK/7R b - - 5 24,g8e7,-1,16,1,
r6r/p1q1nk2/5p2/2Pppb1p/6pP/QR6/P2N1PPK/7R w - - 6 25,h1c1,1003,5,1,1001-1500
r6r/p1q1nk2/5p2/2Pppb1p/6pP/QR6/P2N1PPK/2R5 b - - 7 25,e5e4,-1,48,0,
r6r/p1q1nk2/5p2/2Pp1b1p/4p1pP/QR6/P2N1PPK/2R5 w - - 0 26,g2g3,1003,22,1,1001-1500
r6r/p1q1nk2/5p2/2Pp1b1p/4p1pP/QR4P1/P2N1P1K/2R5 b - - 0 26,a8b8,-1,24,1,
1r5r/p1q1nk2/5p2/2Pp1b1p/4p1pP/QR4P1/P2N1P1K/2R5 w - - 1 27,b3b8,1003,27,1,1001-1500
1R5r/p1q1nk2/5p2/2Pp1b1p/4p1pP/Q5P1/P2N1P1K/2R5 b - - 0 27,h8b8,-1,13,1,
1r6/p1q1nk2/5p2/2Pp1b1p/4p1pP/Q5P1/P2N1P1K/2R5 w - - 0 28,d2f1,1003,25,1,1001-1500
1r6/p1q1nk2/5p2/2Pp1b1p/4p1pP/Q5P1/P4P1K/2R2N2 b - - 1 28,f5e6,-1,12,1,
1r6/p1q1nk2/4bp2/2Pp3p/4p1pP/Q5P1/P4P1K/2R2N2 w - - 2 29,f1e3,1003,59,1,1001-1500
1r6/p1q1nk2/4bp2/2Pp3p/4p1pP/Q3N1P1/P4P1K/2R5 b - - 3 29,d5d4,-1,1,1,
1r6/p1q1nk2/4bp2/2P4p/3pp1pP/Q3N1P1/P4P1K/2R5 w - - 0 30,e3g2,1003,12,1,1001-1500
1r6/p1q1nk2/4bp2/2P4p/3pp1pP/Q5P1/P4PNK/2R5 b - - 1 30,d4d3,-1,15,1,
1r6/p1q1nk2/4bp2/2P4p/4p1pP/Q2p2P1/P4PNK/2R5 w - - 0 31,g2f4,1003,15,1,1001-1500
1r6/p1q1nk2/4bp2/2P4p/4pNpP/Q2p2P1/P4P1K/2R5 b - - 1 31,c7c6,-1,11,1,
1r6/p3nk2/2q1bp2/2P4p/4pNpP/Q2p2P1/P4P1K/2R5 w - - 2 32,c1e1,1003,30,1,1001-1500
1r6/p3nk2/2q1bp2/2P4p/4pNpP/Q2p2P1/P4P1K/4R3 b - - 3 32,e6f5,-1,5,1,
1r6/p3nk2/2q2p2/2P2b1p/4pNpP/Q2p2P1/P4P1K/4R3 w - - 4 33,f4g2,1003,28,1,1001-1500
1r6/p3nk2/2q2p2/2P2b1p/4p1pP/Q2p2P1/P4PNK/4R3 b - - 5 33,b8b5,-1,21,1,
8/p3nk2/2q2p2/1rP2b1p/4p1pP/Q2p2P1/P4PNK/4R3 w - - 6 34,g2e3,1003,16,1,1001-1500
8/p3nk2/2q2p2/1rP2b1p/4p1pP/Q2pN1P1/P4P1K/4R3 b - - 7 34,c6c5,-1,4,1,
8/p3nk2/5p2/1rq2b1p/4p1pP/Q2pN1P1/P4P1K/4R3 w - - 0 35,a3c5,1003,6,1,1001-1500
8/p3nk2/5p2/1rQ2b1p/4p1pP/3pN1P1/P4P1K/4R3 b - - 0 35,b5c5,-1,6,1,
8/p3nk2/5p2/2r2b1p/4p1pP/3pN1P1/P4P1K/4R3 w - - 0 36,e1b1,1003,8,1,1001-1500
8/p3nk2/5p2/2r2b1p/4p1pP/3pN1P1/P4P1K/1R6 b - - 1 36,f5c8,-1,15,1,
2b5/p3nk2/5p2/2r4p/4p1pP/3pN1P1/P4P1K/1R6 w - - 2 37,h2g2,1003,38,1,1001-1500
2b5/p3nk2/5p2/2r4p/4p1pP/3pN1P1/P4PK1/1R6 b - - 3 37,e7c6,-1,21,1,
2b5/p4k2/2n2p2/2r4p/4p1pP/3pN1P1/P4PK1/1R6 w - - 4 38,b1b2,1003,12,1,1001-1500
2b5/p4k2/2n2p2/2r4p/4p1pP/3pN1P1/PR3PK1/8 b - - 5 38,c6e5,-1,11,1,
2b5/p4k2/5p2/2r1n2p/4p1pP/3pN1P1/PR3PK1/8 w - - 6 39,f2f4,1003,401,1,1001-1500
2b5/p4k2/5p2/2r1n2p/4pPpP/3pN1P1/PR4K1/8 b - f3 0 39,e4f3,-1,627,1,
2b5/p4k2/5p2/2r1n2p/6pP/3pNpP1/PR4K1/8 w - - 0 40,g2f2,1003,4,1,1001-1500
2b5/p4k2/5p2/2r1n2p/6pP/3pNpP1/PR3K2/8 b - - 1 40,e5c4,-1,130,1,
2b5/p4k2/5p2/2r4p/2n3pP/3pNpP1/PR3K2/8 w - - 2 41,b2b8,1003,3,1,1001-1500
1Rb5/p4k2/5p2/2r4p/2n3pP/3pNpP1/P4K2/8 b - - 3 41,d3d2,-1,73,1,
1Rb5/p4k2/5p2/2r4p/2n3pP/4NpP1/P2p1K2/8 w - - 0 42,e3d1,1003,96,1,1001-1500
1Rb5/p4k2/5p2/2r4p/2n3pP/5pP1/P2p1K2/3N4 b - - 1 42,f7e6,-1,41,1,
1Rb5/p7/4kp2/2r4p/2n3pP/5pP1/P2p1K2/3N4 w - - 2 43,a2a4,1003,72,1,1001-1500
1Rb5/p7/4kp2/2r4p/P1n3pP/5pP1/3p1K2/3N4 b - - 0 43,e6e5,-1,4,1,
1Rb5/p7/5p2/2r1k2p/P1n3pP/5pP1/3p1K2/3N4 w - - 1 44,b8a8,1003,178,1,1001-1500
R1b5/p7/5p2/2r1k2p/P1n3pP/5pP1/3p1K2/3N4 b - - 2 44,e5d4,-1,137,1,
R1b5/p7/5p2/2r4p/P1nk2pP/5pP1/3p1K2/3N4 w - - 3 45,a8b8,1003,2714,1,1001-1500
1Rb5/p7/5p2/2r4p/P1nk2pP/5pP1/3p1K2/3N4 b - - 4 45,c8d7,-1,201,1,
1R6/p2b4/5p2/2r4p/P1nk2pP/5pP1/3p1K2/3N4 w - - 5 46,b8d8,1003,126,1,1001-1500
3R4/p2b4/5p2/2r4p/P1nk2pP/5pP1/3p1K2/3N4 b - - 6 46,c5d5,-1,347,1,
3R4/p2b4/5p2/3r3p/P1nk2pP/5pP1/3p1K2/3N4 w - - 7 47,d8f8,1003,481,1,1001-1500
5R2/p2b4/5p2/3r3p/P1nk2pP/5pP1/3p1K2/3N4 b - - 8 47,d7a4,-1,3862,1,
5R2/p7/5p2/3r3p/b1nk2pP/5pP1/3p1K2/3N4 w - - 0 48,f8f6,1003,3,1,1001-1500
8/p7/5R2/3r3p/b1nk2pP/5pP1/3p1K2/3N4 b - - 0 48,a4d1,-1,3,1,
8/p7/5R2/3r3p/2nk2pP/5pP1/3p1K2/3b4 w - - 0 49,f6f4,1003,3919,1,1001-1500
8/p7/8/3r3p/2nk1RpP/5pP1/3p1K2/3b4 b - - 1 49,d4c3,-1,5,1,
8/p7/8/3r3p/2n2RpP/2k2pP1/3p1K2/3b4 w - - 2 50,f4f8,1003,1,1,1001-1500
5R2/p7/8/3r3p/2n3pP/2k2pP1/3p1K2/3b4 b - - 3 50,d1a4,-1,0,1,
5R2/p7/8/3r3p/b1n3pP/2k2pP1/3p1K2/8 w - - 4 51,f8f3,1003,0,1,1001-1500
8/p7/8/3r3p/b1n3pP/2k2RP1/3p1K2/8 b - - 0 51,g4f3,-1,0,1,
8/p7/8/3r3p/b1n4P/2k2pP1/3p1K2/8 w - - 0 52,g3g4,1003,1,1,1001-1500
8/p7/8/3r3p/b1n3PP/2k2p2/3p1K2/8 b - - 0 52,d2d1q,-1,1,1,
8/p7/8/3r3p/b1n3PP/2k2p2/5K2/3q4 w - - 0 53,g4h5,1003,0,1,1001-1500
8/p7/8/3r3P/b1n4P/2k2p2/5K2/3q4 b - - 0 53,d5d4,-1,0,1,
8/p7/8/7P/b1nr3P/2k2p2/5K2/3q4 w - - 1 54,h5h6,1003,0,1,1001-1500
8/p7/7P/8/b1nr3P/2k2p2/5K2/3q4 b - - 0 54,d1e2,-1,0,1,
8/p7/7P/8/b1nr3P/2k2p2/4qK2/8 w - - 1 55,f2g3,1003,0,1,1001-1500
8/p7/7P/8/b1nr3P/2k2pK1/4q3/8 b - - 2 55,e2g2,-1,0,1,
rnbqkbnr/pppppppp/8/8/8/8/PPPPPPPP/RNBQKBNR w KQkq - 0 1,e2e4,1003,4,0,1001-1500
rnbqkbnr/pppppppp/8/8/4P3/8/PPPP1PPP/RNBQKBNR b KQkq - 0 1,e7e5,-1,11,0,
rnbqkbnr/pppp1ppp/8/4p3/4P3/8/PPPP1PPP/RNBQKBNR w KQkq - 0 2,d2d4,1003,37,0,1001-1500
rnbqkbnr/pppp1ppp/8/4p3/3PP3/8/PPP2PPP/RNBQKBNR b KQkq - 0 2,b8c6,-1,85,0,
r1bqkbnr/pppp1ppp/2n5/4p3/3PP3/8/PPP2PPP/RNBQKBNR w KQkq - 1 3,d4d5,1003,2,0,1001-1500
r1bqkbnr/pppp1ppp/2n5/3Pp3/4P3/8/PPP2PPP/RNBQKBNR b KQkq - 0 3,d8h4,-1,223,0,
r1b1kbnr/pppp1ppp/2n5/3Pp3/4P2q/8/PPP2PPP/RNBQKBNR w KQkq - 1 4,d5c6,1003,2,0,1001-1500
r1b1kbnr/pppp1ppp/2P5/4p3/4P2q/8/PPP2PPP/RNBQKBNR b KQkq - 0 4,f8c5,-1,122,0,
r1b1k1nr/pppp1ppp/2P5/2b1p3/4P2q/8/PPP2PPP/RNBQKBNR w KQkq - 1 5,g1h3,1003,213,0,1001-1500
r1b1k1nr/pppp1ppp/2P5/2b1p3/4P2q/7N/PPP2PPP/RNBQKB1R b KQkq - 2 5,h4e4,-1,6,0,
r1b1k1nr/pppp1ppp/2P5/2b1p3/4q3/7N/PPP2PPP/RNBQKB1R w KQkq - 0 6,f1e2,1003,24,0,1001-1500
r1b1k1nr/pppp1ppp/2P5/2b1p3/4q3/7N/PPP1BPPP/RNBQK2R b KQkq - 1 6,e4g2,-1,33,0,
r1b1k1nr/pppp1ppp/2P5/2b1p3/8/7N/PPP1BPqP/RNBQK2R w KQkq - 0 7,h1g1,1003,424,0,1001-1500
r1b1k1nr/pppp1ppp/2P5/2b1p3/8/7N/PPP1BPqP/RNBQK1R1 b Qkq - 1 7,g2h3,-1,196,0,
r1b1k1nr/pppp1ppp/2P5/2b1p3/8/7q/PPP1BP1P/RNBQK1R1 w Qkq - 0 8,c6d7,1003,218,0,1001-1500
r1b1k1nr/pppP1ppp/8/2b1p3/8/7q/PPP1BP1P/RNBQK1R1 b Qkq - 0 8,c8d7,-1,13,0,
r3k1nr/pppb1ppp/8/2b1p3/8/7q/PPP1BP1P/RNBQK1R1 w Qkq - 0 9,d1d5,1003,2,0,1001-1500
r3k1nr/pppb1ppp/8/2bQp3/8/7q/PPP1BP1P/RNB1K1R1 b Qkq - 1 9,c5f2,-1,330,0,
r3k1nr/pppb1ppp/8/3Qp3/8/7q/PPP1Bb1P/RNB1K1R1 w Qkq - 0 10,e1f2,1003,0,0,1001-1500
r3k1nr/pppb1ppp/8/3Qp3/8/7q/PPP1BK1P/RNB3R1 b kq - 0 10,h3h2,-1,0,0,
r3k1nr/pppb1ppp/8/3Qp3/8/8/PPP1BK1q/RNB3R1 w kq - 0 11,d5g2,1003,13,1,1001-1500
r3k1nr/pppb1ppp/8/4p3/8/8/PPP1BKQq/RNB3R1 b kq - 1 11,h2g2,-1,3,1,
r3k1nr/pppb1ppp/8/4p3/8/8/PPP1BKq1/RNB3R1 w kq - 0 12,g1g2,1003,4,0,1001-1500
r3k1nr/pppb1ppp/8/4p3/8/8/PPP1BKR1/RNB5 b kq - 0 12,g8f6,-1,24,0,
r3k2r/pppb1ppp/5n2/4p3/8/8/PPP1BKR1/RNB5 w kq - 1 13,g2g7,1003,45,0,1001-1500
r3k2r/pppb1pRp/5n2/4p3/8/8/PPP1BK2/RNB5 b kq - 0 13,e8c8,-1,177,0,
2kr3r/pppb1pRp/5n2/4p3/8/8/PPP1BK2/RNB5 w - - 1 14,g7f7,1003,74,0,1001-1500
2kr3r/pppb1R1p/5n2/4p3/8/8/PPP1BK2/RNB5 b - - 0 14,f6e4,-1,53,0,
2kr3r/pppb1R1p/8/4p3/4n3/8/PPP1BK2/RNB5 w - - 1 15,f2e3,1003,92,0,1001-1500
2kr3r/pppb1R1p/8/4p3/4n3/4K3/PPP1B3/RNB5 b - - 2 15,e4d6,-1,4,1,
2kr3r/pppb1R1p/3n4/4p3/8/4K3/PPP1B3/RNB5 w - - 3 16,f7f6,1003,1,0,1001-1500
2kr3r/pppb3p/3n1R2/4p3/8/4K3/PPP1B3/RNB5 b - - 4 16,h7h5,-1,22,1,
2kr3r/pppb4/3n1R2/4p2p/8/4K3/PPP1B3/RNB5 w - - 0 17,b1c3,1003,9,0,1001-1500
2kr3r/pppb4/3n1R2/4p2p/8/2N1K3/PPP1B3/R1B5 b - - 1 17,h5h4,-1,0,0,
2kr3r/pppb4/3n1R2/4p3/7p/2N1K3/PPP1B3/R1B5 w - - 0 18,c1d2,1003,0,0,1001-1500
2kr3r/pppb4/3n1R2/4p3/7p/2N1K3/PPPBB3/R7 b - - 1 18,h4h3,-1,18,0,
2kr3r/pppb4/3n1R2/4p3/8/2N1K2p/PPPBB3/R7 w - - 0 19,a1h1,1003,0,0,1001-1500
2kr3r/pppb4/3n1R2/4p3/8/2N1K2p/PPPBB3/7R b - - 1 19,h3h2,-1,4,0,
2kr3r/pppb4/3n1R2/4p3/8/2N1K3/PPPBB2p/7R w - - 0 20,f6f2,1003,289,0,1001-1500
2kr3r/pppb4/3n4/4p3/8/2N1K3/PPPBBR1p/7R b - - 1 20,d6f5,-1,10,1,
2kr3r/pppb4/8/4pn2/8/2N1K3/PPPBBR1p/7R w - - 2 21,e3e4,1003,363,0,1001-1500
2kr3r/pppb4/8/4pn2/4K3/2N5/PPPBBR1p/7R b - - 3 21,f5g3,-1,7,0,
2kr3r/pppb4/8/4p3/4K3/2N3n1/PPPBBR1p/7R w - - 4 22,e4e5,1003,11,0,1001-1500
2kr3r/pppb4/8/4K3/8/2N3n1/PPPBBR1p/7R b - - 0 22,g3h1,-1,5,0,
2kr3r/pppb4/8/4K3/8/2N5/PPPBBR1p/7n w - - 0 23,f2f1,1003,174,0,1001-1500
2kr3r/pppb4/8/4K3/8/2N5/PPPBB2p/5R1n b - - 1 23,h1g3,-1,121,0,
2kr3r/pppb4/8/4K3/8/2N3n1/PPPBB2p/5R2 w - - 2 24,f1d1,1003,7,1,1001-1500
2kr3r/pppb4/8/4K3/8/2N3n1/PPPBB2p/3R4 b - - 3 24,d8e8,-1,71,1,
2k1r2r/pppb4/8/4K3/8/2N3n1/PPPBB2p/3R4 w - - 4 25,e5f4,1003,183,0,1001-1500
2k1r2r/pppb4/8/8/5K2/2N3n1/PPPBB2p/3R4 b - - 5 25,g3e2,-1,284,1,
2k1r2r/pppb4/8/8/5K2/2N5/PPPBn2p/3R4 w - - 0 26,f4f3,1003,1070,0,1001-1500
2k1r2r/pppb4/8/8/8/2N2K2/PPPBn2p/3R4 b - - 1 26,e2c3,-1,1121,0,
2k1r2r/pppb4/8/8/8/2n2K2/PPPB3p/3R4 w - - 0 27,d2c3,1003,44,0,1001-1500
2k1r2r/pppb4/8/8/8/2B2K2/PPP4p/3R4 b - - 0 27,h8h3,-1,110,1,
2k1r3/pppb4/8/8/8/2B2K1r/PPP4p/3R4 w - - 1 28,f3g2,1003,15,0,1001-1500
2k1r3/pppb4/8/8/8/2B4r/PPP3Kp/3R4 b - - 2 28,e8e2,-1,1,1,
2k5/pppb4/8/8/8/2B4r/PPP1r1Kp/3R4 w - - 3 29,g2f1,1003,0,1,1001-1500
2k5/pppb4/8/8/8/2B4r/PPP1r2p/3R1K2 b - - 4 29,h3e3,-1,0,1,
2k5/pppb4/8/8/8/2B1r3/PPP1r2p/3R1K2 w - - 5 30,c3d4,1003,0,0,1001-1500
2k5/pppb4/8/8/3B4/4r3/PPP1r2p/3R1K2 b - - 6 30,h2h1q,-1,0,0,
